id,question,answer,thinking_content,resps,filtered_resps,exact_match,difficulty
time_ko_easy_0000,"1999년 새해 첫날에 ""금일이 내 생일이야"" 라는 말을 들었다. 그 생일로부터 23일 후, 그 날의 양력 날짜는 무엇인가? 답은 'YYYY.M.D' 형식으로 써라.",1999.1.24,,1999.01.01 + 23일 = **1999.01.24**,1999.1.24,1,easy
time_ko_easy_0001,"1991년 광복절에 ""내일모레가 내 생일이야"" 라는 말을 들었다. 그 생일로부터 26일 후, 그 날의 일진(日辰), 즉 그 날에 해당하는 60갑자는 무엇인가? (예: 갑자)",을유,,"1991년 광복절은 8월 15일이었습니다. ""내일모레가 내 생일이야""라는 말은 그 해 8월 17일을 가리킵니다. 

생일인 8월 17일로부터 26일 후는 9월 11일이 됩니다 (8월 31일 + 1일 + 10월 1일 + 10일).

1991년 9월 11일의 일진(일자)을 계산하기 위해서는 그 해의 음력과 양력 간의 관계를 고려해야 하지만, 일반적으로 양력을 기준으로 할 때 특정 날짜의 일진을 정확히 맞추는 것은 복잡합니다. 하지만 간단히 설명하자면, 양력 날짜만으로는 정확한 60갑자(일진)를 정확히 지정하기 어렵습니다. 

정확한 일진을 알고 싶으시다면, 해당 날짜의 음력 정보와 함께 전통적인 역법을 참고해야 합니다. 일반적인 답변으로는 특정 일진을 단정짓기 어렵습니다. 정확한 계산을 위해서는 역술 전문가나 관련 소프트웨어의 도움이 필요할 수 있습니다.",갑자,0,easy
time_ko_easy_0002,"2025년 식목일에 ""모레가 내 생일이야"" 라는 말을 들었다. 그 생일로부터 25일 후, 그 날의 일진(日辰), 즉 그 날에 해당하는 60갑자는 무엇인가? (예: 갑자)",신미,,"생일이 언제인지 정확히 알 수 없으므로 정확한 일진을 지정하기 어렵습니다. 하지만 일반적인 방법으로 설명드리자면:

1. **생일 날짜 파악**: ""모레가 내 생일이야""라는 말은 현재 날짜로부터 2일 후가 생일임을 의미합니다. 예를 들어, 만약 현재 날짜가 2025년 4월 30일이라면 생일은 5월 2일이 됩니다.

2. **일진 계산**: 생일로부터 25일 후의 날짜를 계산합니다. 예를 들어, 5월 2일에서 25일 후는 5월 27일이 됩니다.

3. **60갑자 계산**: 60갑자는 60년 주기로 반복됩니다. 2025년을 기준으로 27일의 일진을 정확히 알려면 해당 연도와 날짜에 따른 음력 날짜를 알아야 합니다. 하지만 일반적인 접근법으로는:

   - 2025년은 양력 기준이므로, 음력으로 변환해야 합니다.
   - 각 연도의 음력 날짜에 따라 갑자, 을축 등이 결정됩니다.

정확한 계산을 위해서는 해당 날짜의 정확한 음력 정보가 필요합니다. 만약 구체적인 연도와 날짜를 제공해 주신다면 더 정확한 답변을 드릴 수 있습니다. 예를 들어, 2025년 5월 27일의 정확한 일진을 알려면 음력 달력을 참조해야 합니다.",을축,0,easy
time_ko_easy_0003,"2010년 제헌절에 ""오늘이 내 생일이야"" 라는 말을 들었다. 그 생일로부터 16일 후, 그 날의 양력 날짜는 무엇인가? 답은 'YYYY.M.D' 형식으로 써라.",2010.8.2,,"제헌절은 매년 7월 17일입니다. 따라서 2010년 제헌절인 2010년 7월 17일에 대해 이야기하고 있다면, 그 생일로부터 16일 후는 7월 31일이 됩니다.

답: **2010.M.31** 

(참고로, 일반적으로 월은 숫자로 표기되므로, 좀 더 정확하게는 **2010.7.31**로 표기하는 것이 일반적입니다.)",2010.7.31,0,easy
time_ko_easy_0004,"1999년 개천절에 ""오늘이 내 생일이야"" 라는 말을 들었다. 그 생일로부터 10일 후, 그 날의 양력 날짜는 무엇인가? 답은 'YYYY.M.D' 형식으로 써라.",1999.10.13,,"답은 제공된 정보만으로 정확히 계산할 수 없습니다. 개천절은 매년 음력으로 정해지기 때문에, 특정 연도의 개천절 날짜가 주어지지 않았기 때문입니다. 하지만 일반적인 형식에 맞추어 예시를 드리자면, 만약 개천절이 10월 3일이었다고 가정하고 생일이 그 날이었다면, 10일 후는 10월 13일이 되어 답은 **2023.10.13** (가정한 연도 2023을 사용하였습니다) 와 같이 표기될 수 있습니다. 실제 연도와 개천절 날짜를 알려주시면 정확한 답을 드릴 수 있습니다.",2023.10.13,0,easy
time_ko_easy_0005,"1995년 성탄절에 ""낼모레가 내 생일이야"" 라는 말을 들었다. 그 생일로부터 10일 후, 그 날의 일진(日辰), 즉 그 날에 해당하는 60갑자는 무엇인가? (예: 갑자)",임인,,"1995년 성탄절(12월 25일)로부터 생일까지는 정확히 언급되지 않았지만, 생일이 그 날로부터 10일 후라고 했을 때, 가장 가까운 날짜를 계산해보겠습니다.

12월 25일 + 10일 = 1월 4일 (다음 해의 날짜로 가정)

1996년 1월 4일의 일진을 알아보겠습니다:

1996년은 경진년(庚辰年)입니다. 따라서 1월 4일은 경진년의 네 번째 날에 해당합니다. 일진은 날짜에 따라 변하므로, 정확히는 다음과 같이 정리됩니다:

- 1996년 1월 1일: 경진초하루 (庚辰初日)
- 1996년 1월 4일: 경진사일 (庚辰巳日)

따라서 1996년 1월 4일의 일진은 **경진사일**입니다.",경진,0,easy
time_ko_easy_0006,"2004년 한글날에 ""금일이 내 생일이야"" 라는 말을 들었다. 그 생일로부터 18일 후, 그 날의 양력 날짜는 무엇인가? 답은 'YYYY.M.D' 형식으로 써라.",2004.10.27,,"2004년 한글날은 10월 9일입니다. 따라서 그 생일로부터 18일 후는 10월 27일입니다.

답: **2004.10.27**",2004.10.27,1,easy
time_ko_easy_0007,"2007년 현충일에 ""내일이 내 생일이야"" 라는 말을 들었다. 그 생일로부터 11일 후, 그 날의 양력 날짜는 무엇인가? 답은 'YYYY.M.D' 형식으로 써라.",2007.6.18,,"2007년 현충일은 6월 6일이었습니다. ""내일이 내 생일이야""라는 말은 그 날이 생일이라는 뜻이므로, 6월 6일이 생일이라고 가정할 수 있습니다. 그 생일로부터 11일 후는 6월 17일입니다.

따라서 답은 **2007.6.17** 입니다.",2007.6.17,0,easy
time_ko_easy_0008,"2020년 현충일에 ""금일이 내 생일이야"" 라는 말을 들었다. 그 생일로부터 22일 후, 그 날의 양력 날짜는 무엇인가? 답은 'YYYY.M.D' 형식으로 써라.",2020.6.28,,"2020년 현충일은 6월 5일이었습니다. 만약 그날이 특정 사람의 생일이었다면, 그 사람의 생일로부터 22일 후는 다음과 같이 계산됩니다:

- 6월 5일 (생일) + 22일 = 6월 26일

따라서, 그 날짜의 양력은 **2020.6.26** 입니다.",2020.6.26,0,easy
time_ko_easy_0009,"1998년 3·1절에 ""낼모레가 내 생일이야"" 라는 말을 들었다. 그 생일로부터 30일 후, 그 날의 양력 날짜는 무엇인가? 답은 'YYYY.M.D' 형식으로 써라.",1998.4.2,,"1998년 3월 1일에 ""낼모레가 내 생일이야"" 라는 말은 3월 12일을 의미합니다 (낼모레는 두 날 후를 의미). 그 생일인 1998년 3월 12일로부터 30일 후는 4월 11일이 됩니다.

답: **1998.4.11**",1998.4.11,0,easy
time_ko_easy_0010,"2018년 성탄절에 ""모레가 내 생일이야"" 라는 말을 들었다. 그 생일로부터 30일 후, 그 날의 일진(日辰), 즉 그 날에 해당하는 60갑자는 무엇인가? (예: 갑자)",계해,,"성탄절인 2018년 12월 25일로부터 30일 후는 2019년 1월 24일입니다. 이 날의 일진(간지)을 계산해보면:

- 2019년은 무술년(務質年)으로 시작됩니다.
- 1월 24일은 음력으로 12월 11일에 해당합니다 (양력과 음력의 날짜 차이는 매년 조금씩 다릅니다).

음력 12월은 술(戌)과 해(亥) 사이에 위치하며, 특히 12월 11일은 **해(亥)** 일진에 해당합니다.

따라서, 2019년 1월 24일의 일진은 **해(亥)**입니다.",무술,0,easy
time_ko_easy_0011,"2010년 식목일에 ""오늘이 내 생일이야"" 라는 말을 들었다. 그 생일로부터 19일 후, 그 날의 양력 날짜는 무엇인가? 답은 'YYYY.M.D' 형식으로 써라.",2010.4.24,,"2010년 식목일은 4월 5일이었습니다. 만약 4월 5일이 누군가의 생일이었다면, 그 생일로부터 19일 후는 4월 24일이 됩니다. 따라서 답은 **2010.4.24** 입니다.",2010.4.24,1,easy
time_ko_easy_0012,"2015년 새해 첫날에 ""금일이 내 생일이야"" 라는 말을 들었다. 그 생일로부터 13일 후, 그 날의 양력 날짜는 무엇인가? 답은 'YYYY.M.D' 형식으로 써라.",2015.1.14,,"2015년 새해 첫날은 1월 1일(2015.1.1)입니다. 만약 그 날이 실제로 생일이었다면, 13일 후의 날짜는 2015.1.14입니다. 하지만 주의할 점은 2015년에는 1월에 31일까지 있으므로, 실제 날짜 계산에서는 1월의 일수를 초과하지 않습니다. 따라서 정확한 답변은 다음과 같습니다:

**2015.1.14** 

만약 1월 1일이 실제 생일이 아니었고, 다른 날짜의 생일이었다면, 좀 더 구체적인 정보가 필요합니다. 하지만 주어진 정보만으로는 위와 같이 답할 수 있습니다.",2015.1.14,1,easy
time_ko_easy_0013,"2024년 어린이날에 ""금일이 내 생일이야"" 라는 말을 들었다. 그 생일로부터 2일 후, 그 날의 양력 날짜는 무엇인가? 답은 'YYYY.M.D' 형식으로 써라.",2024.5.7,,"2024년 어린이날이 5월 5일이라고 가정할 때, ""금일이 내 생일이야""라는 말이 어린이날에 들렸다면, 그 생일은 2024년 5월 5일입니다. 그 생일로부터 2일 후는 2024년 5월 7일입니다.

답: **2024.5.7**",2024.5.7,1,easy
time_ko_easy_0014,"2014년 3·1절에 ""낼모레가 내 생일이야"" 라는 말을 들었다. 그 생일로부터 14일 후, 그 날의 양력 날짜는 무엇인가? 답은 'YYYY.M.D' 형식으로 써라.",2014.3.17,,"2014년 3월 1일에 ""낼모레가 내 생일이야"" 라는 말은 3월 13일을 의미합니다. 그 날로부터 14일 후는 3월 27일이므로, 답은 **2014.M.27** 입니다.",,0,easy
time_ko_easy_0015,"2003년 광복절에 ""이튿날이 내 생일이야"" 라는 말을 들었다. 그 생일로부터 28일 후, 그 날의 양력 날짜는 무엇인가? 답은 'YYYY.M.D' 형식으로 써라.",2003.9.13,,"2003년 광복절은 8월 15일이었습니다. ""이튿날이 내 생일이야""라는 말은 8월 16일을 의미합니다. 그 생일로부터 28일 후는 9월 13일이 됩니다.

답: **2003.9.13**",2003.9.13,1,easy
time_ko_easy_0016,"1993년 새해 첫날에 ""익일이 내 생일이야"" 라는 말을 들었다. 그 생일로부터 17일 후, 그 날의 일진(日辰), 즉 그 날에 해당하는 60갑자는 무엇인가? (예: 갑자)",경자,,"1993년 새해 첫날(1월 1일)부터 생일까지는 365일 또는 그 근방일 것입니다 (윤년 고려). 생일로부터 17일 후의 날짜를 계산하면, 그 날은 일반적으로 그해의 동일한 일진(일주일 순환) 내에 위치하게 됩니다. 하지만 정확한 일진(60갑자 기준)을 결정하려면 해당 날짜의 정확한 요일과 그 해의 음력 날짜에 따른 계산이 필요합니다.

간단하게 설명드리자면:
- 1993년은 평년이므로 1월 1일부터 12월 31일까지는 365일입니다.
- 생일로부터 17일 후는 그 해의 달력 순환 주기 내에서의 날짜이므로, 같은 일진 범위 내에 있을 것입니다.

정확한 일진을 알고 싶으시다면, 해당 날짜의 구체적인 날짜(예: 1월 18일 등)를 알려주시면 음력 계산을 통해 더 정확히 답변 드릴 수 있습니다. 일반적인 답변으로는, 그 날은 생일 당일과 비슷한 일진 범위 내에 있을 것입니다 (예: 만약 생일이 음력으로 특정 일진이었다면 그 근방일 가능성이 높습니다). 정확한 정보를 위해서는 추가적인 날짜 정보가 필요합니다.",갑자,0,easy
time_ko_easy_0017,"2017년 현충일에 ""명일이 내 생일이야"" 라는 말을 들었다. 그 생일로부터 2일 후, 그 날의 양력 날짜는 무엇인가? 답은 'YYYY.M.D' 형식으로 써라.",2017.6.9,,"2017년 현충일은 6월 6일이었습니다. ""명일이 내 생일이야""라는 말은 현충일 다음 날, 즉 6월 7일을 의미합니다. 그 날로부터 2일 후는 6월 9일입니다.

답: **2017.6.9**",2017.6.9,1,easy
time_ko_easy_0018,"2018년 현충일에 ""금일이 내 생일이야"" 라는 말을 들었다. 그 생일로부터 15일 후, 그 날의 양력 날짜는 무엇인가? 답은 'YYYY.M.D' 형식으로 써라.",2018.6.21,,"2018년 현충일은 6월 6일이었습니다. 만약 6월 6일이 누군가의 생일이었다면, 그 생일로부터 15일 후는 6월 21일이 됩니다. 따라서 답은 **2018.6.21** 입니다.",2018.6.21,1,easy
time_ko_easy_0019,"2017년 현충일에 ""내일모레가 내 생일이야"" 라는 말을 들었다. 그 생일로부터 21일 후, 그 날의 일진(日辰), 즉 그 날에 해당하는 60갑자는 무엇인가? (예: 갑자)",정해,,"생일로부터 21일 후의 일진을 정확히 계산하려면 해당 연도의 음력과 양력 정보가 필요합니다. 하지만 일반적인 방법으로 설명드리자면:

1. **생일 날짜 확인**: 2017년 현충일은 6월 6일입니다.
2. **21일 후 날짜 계산**: 6월 6일로부터 21일 후는 6월 27일입니다.
3. **음력과 양력의 차이**: 2017년의 경우, 음력과 양력의 차이를 고려해야 합니다. 2017년의 경우, 특정 날짜의 음력 일진을 정확히 알기 위해서는 해당 연도의 음력 달력을 참조해야 합니다.

**예시 계산 (간략화):**
- 만약 2017년 6월 27일이 음력으로 **을묘** (乙卯) 일진이었다면, 그 답은 **을묘**가 될 것입니다.

정확한 일진을 알고 싶으시다면, 해당 날짜의 정확한 음력 정보를 확인해야 합니다. 일반적인 방법으로는 음력 달력이나 관련 앱을 활용하는 것이 좋습니다. 정확한 답변을 위해서는 해당 연도와 날짜의 구체적인 음력 정보가 필요합니다.",을묘,0,easy
time_ko_easy_0020,"2019년 개천절에 ""명일이 내 생일이야"" 라는 말을 들었다. 그 생일로부터 20일 후, 그 날의 양력 날짜는 무엇인가? 답은 'YYYY.M.D' 형식으로 써라.",2019.10.24,,"답은 제공된 정보만으로 정확히 계산할 수 없습니다. ""명일""이 특정 날짜를 지칭하는지 명확하지 않기 때문입니다. 생일의 월과 일이 추가로 필요합니다. 예를 들어, 만약 그 생일이 2019년 10월 3일이었다면, 20일 후는 2019.M.23이 되지만, 실제 날짜는 월의 일수를 고려해야 합니다. 정확한 답변을 위해서는 생일의 구체적인 날짜가 필요합니다.",,0,easy
time_ko_easy_0021,"2020년 한글날에 ""내일모레가 내 생일이야"" 라는 말을 들었다. 그 생일로부터 4일 후, 그 날의 양력 날짜는 무엇인가? 답은 'YYYY.M.D' 형식으로 써라.",2020.10.15,,"한글날은 10월 9일이므로, 만약 ""내일모레가 내 생일이야""라는 말이 한글날을 기준으로 해석된다면, 그 생일은 10월 11일입니다. 그 생일로부터 4일 후는 10월 15일입니다.

답: 2020.10.15",2020.10.15,1,easy
time_ko_easy_0022,"2013년 어린이날에 ""다음날이 내 생일이야"" 라는 말을 들었다. 그 생일로부터 17일 후, 그 날의 양력 날짜는 무엇인가? 답은 'YYYY.M.D' 형식으로 써라.",2013.5.23,,"2013년의 어린이날은 5월 5일이었습니다. ""다음날이 내 생일이야""라는 말은 5월 6일을 의미합니다. 그 생일로부터 17일 후의 날짜는 6월 2일입니다.

답: **2013.6.2**",2013.6.2,0,easy
time_ko_easy_0023,"2001년 식목일에 ""오늘이 내 생일이야"" 라는 말을 들었다. 그 생일로부터 28일 후, 그 날의 양력 날짜는 무엇인가? 답은 'YYYY.M.D' 형식으로 써라.",2001.5.3,,"2001년 식목일은 4월 5일이므로, 이 날이 생일이라면 28일 후는 5월 2일이 됩니다. 따라서 답은 **2001.5.2** 입니다.",2001.5.2,0,easy
time_ko_easy_0024,"2006년 성탄절에 ""오늘이 내 생일이야"" 라는 말을 들었다. 그 생일로부터 6일 후, 그 날의 양력 날짜는 무엇인가? 답은 'YYYY.M.D' 형식으로 써라.",2006.12.31,,"2006년 성탄절은 12월 25일입니다. ""오늘이 내 생일이야""라는 말이 성탄절에 들렸다면, 그 생일은 2006년 12월 25일입니다. 그 날로부터 6일 후는 2006년 12월 31일입니다.

답: **2006.M.31** (주의: 정확한 형식에 맞추어 'M' 대신 '12'를 사용해야 함을 명시하지만, 요청 형식에 따라 표기하였습니다.)

정확한 형식에 맞추면: **2006.12.31**",2006.12.31,1,easy
time_ko_easy_0025,"2013년 어린이날에 ""이튿날이 내 생일이야"" 라는 말을 들었다. 그 생일로부터 21일 후, 그 날의 양력 날짜는 무엇인가? 답은 'YYYY.M.D' 형식으로 써라.",2013.5.27,,"2013년 어린이날은 5월 5일이었습니다. ""이튿날이 내 생일이야""라는 말은 5월 6일이 그 사람의 생일이라는 뜻입니다. 그 생일(5월 6일)로부터 21일 후는 6월 16일입니다.

따라서 답은 **2013.6.16** 입니다.",2013.6.16,0,easy
time_ko_easy_0026,"2020년 광복절에 ""오늘이 내 생일이야"" 라는 말을 들었다. 그 생일로부터 5일 후, 그 날의 양력 날짜는 무엇인가? 답은 'YYYY.M.D' 형식으로 써라.",2020.8.20,,"2020년 광복절은 8월 15일이므로, 만약 광복절(8월 15일)이 누군가의 생일이었다면, 그 생일로부터 5일 후는 8월 20일입니다.

답: 2020.M.20 (여기서 M은 8월을 나타내지만, 표준 형식에 맞추어 연도와 월, 일만 명확히 표기하자면)

더 명확하게 연도를 포함하여 표기하면: **2020.08.20**",2020.8.20,1,easy
time_ko_easy_0027,"1995년 개천절에 ""금일이 내 생일이야"" 라는 말을 들었다. 그 생일로부터 8일 후, 그 날의 일진(日辰), 즉 그 날에 해당하는 60갑자는 무엇인가? (예: 갑자)",을해,,"생일 날짜가 주어지지 않았기 때문에 정확한 일진을 계산할 수 없습니다. 생일의 구체적인 날짜가 제공된다면, 그 날짜를 기반으로 음력과 양력의 차이를 고려하여 60갑자(일진)를 계산할 수 있습니다. 추가 정보가 필요합니다.",갑자,0,easy
time_ko_easy_0028,"1992년 광복절에 ""낼모레가 내 생일이야"" 라는 말을 들었다. 그 생일로부터 9일 후, 그 날의 일진(日辰), 즉 그 날에 해당하는 60갑자는 무엇인가? (예: 갑자)",갑술,,"1992년 광복절은 8월 15일이었습니다. ""낼모레가 내 생일이야""라는 말은 그 사람의 생일이 8월 17일임을 의미합니다. 

생일인 8월 17일로부터 9일 후는 8월 26일입니다. 60갑자 순환에서 8월은 음력으로 계산되며, 매년의 정확한 일진은 음력 날짜에 따라 달라집니다. 하지만 특정 연도의 음력 날짜와 일진을 정확히 맞추려면 해당 연도의 음력 달력이 필요합니다.

1992년의 경우, 8월 26일의 정확한 일진을 직접 확인하지 않고 일반적으로 답변하기는 어렵습니다. 정확한 일진을 알고 싶으시다면 해당 날짜의 음력 정보를 바탕으로 한 전통적인 달력이나 계산 도구를 참고하시는 것이 가장 정확할 것입니다. 

만약 구체적인 정보가 필요하시다면, 해당 날짜의 전통 달력을 참조하시거나 전문가의 도움을 받으시는 것이 좋습니다.",갑자,0,easy
time_ko_easy_0029,"2014년 새해 첫날에 ""내일모레가 내 생일이야"" 라는 말을 들었다. 그 생일로부터 23일 후, 그 날의 일진(日辰), 즉 그 날에 해당하는 60갑자는 무엇인가? (예: 갑자)",정유,,"2014년 새해 첫날(1월 1일)부터 시작해 생일까지는 정확히 언급되지 않았지만, 질문의 핵심은 생일로부터 23일 후의 일진을 묻는 것입니다.

일반적으로 한국의 음력 날짜 계산을 통해 추정해야 합니다. 하지만 정확한 날짜가 주어지지 않았기 때문에, 구체적인 연도와 음력 날짜 없이 정확한 일진을 제공하기는 어렵습니다. 

만약 특정 음력 날짜를 알고 계신다면, 그 날짜를 바탕으로 갑자순을 확인할 수 있습니다. 예를 들어, 만약 생일이 음력으로 특정 날짜였다면, 그 날짜로부터 23일 후의 날짜를 찾아 그 날의 갑자순을 확인할 수 있습니다.

정확한 답변을 위해서는 생일의 구체적인 날짜가 필요합니다. 추가 정보가 있으시다면 알려주세요!",갑자,0,easy
time_ko_easy_0030,"2005년 현충일에 ""금일이 내 생일이야"" 라는 말을 들었다. 그 생일로부터 22일 후, 그 날의 양력 날짜는 무엇인가? 답은 'YYYY.M.D' 형식으로 써라.",2005.6.28,,"2005년 현충일은 6월 3일입니다. 만약 6월 3일이 누군가의 생일이었다면, 그 생일로부터 22일 후는 6월 25일이 됩니다.

답: 2005.6.25",2005.6.25,0,easy
time_ko_easy_0031,"1995년 광복절에 ""금일이 내 생일이야"" 라는 말을 들었다. 그 생일로부터 10일 후, 그 날의 양력 날짜는 무엇인가? 답은 'YYYY.M.D' 형식으로 써라.",1995.8.25,,"광복절은 8월 15일이므로, 1995년 광복절(8월 15일)에 생일이라면 그 생일로부터 10일 후는 8월 25일이 됩니다. 따라서 답은 `1995.M.25` 이지만, 월(M)이 명확하지 않아 일반적으로 날짜만 표기한다면 `1995.8.25`로 이해하시면 됩니다. 요청하신 형식에 맞추면 `1995.M.25`로 표기하였습니다. 만약 특정 월을 지정해야 한다면 추가 정보가 필요합니다.",1995.8.25,1,easy
time_ko_easy_0032,"1990년 제헌절에 ""이튿날이 내 생일이야"" 라는 말을 들었다. 그 생일로부터 23일 후, 그 날의 양력 날짜는 무엇인가? 답은 'YYYY.M.D' 형식으로 써라.",1990.8.10,,"1990년 제헌절은 7월 17일이므로, ""이튿날이 내 생일이야""라는 말은 7월 18일을 의미합니다. 그 생일로부터 23일 후의 날짜는 다음과 같습니다:

**2023.M.D** 형태로 정확히 날짜만 지정하자면, 현재 연도를 기준으로 계산해야 하지만, 질문의 맥락에서 특정 연도를 명시하지 않았으므로 일반적인 형식으로 답을 제공하겠습니다. 만약 현재 연도를 기준으로 한다면, 예를 들어 2023년 기준으로는:

**2023.8.10** 

(7월 18일로부터 정확히 23일 후는 8월 10일입니다.)

연도를 명시하지 않은 상태에서는 정확한 연도 없이 날짜만 제공하였습니다. 특정 연도를 원하신다면 추가 정보가 필요합니다.",2023.8.10,0,easy
time_ko_easy_0033,"1991년 개천절에 ""모레가 내 생일이야"" 라는 말을 들었다. 그 생일로부터 9일 후, 그 날의 양력 날짜는 무엇인가? 답은 'YYYY.M.D' 형식으로 써라.",1991.10.14,,"1991년 개천절이 음력으로 10월 3일에 해당한다고 가정할 때 (개천절의 정확한 음력 날짜는 연도마다 약간 차이가 있을 수 있음), ""모레가 내 생일이야""라는 말은 그 해의 10월 5일이 생일임을 의미합니다. 따라서 그 생일로부터 9일 후는 10월 14일이 됩니다.

만약 그 해의 양력 10월 5일이 특정한 날짜로 고정되어 있다고 가정한다면, 그에 따른 양력 날짜는 정확한 연도로 정해져야 합니다. 하지만 일반적인 답변 형식에 맞추어, 예시로 특정 연도를 지정하지 않고 날짜만 제공하겠습니다:

**2023.10.14**  

실제 연도를 알고 계신다면 그에 맞게 년도를 수정하시면 됩니다. 정확한 연도 정보가 주어지지 않았기에 예시 연도를 사용했습니다.",2023.10.14,0,easy
time_ko_easy_0034,"2003년 현충일에 ""오늘이 내 생일이야"" 라는 말을 들었다. 그 생일로부터 27일 후, 그 날의 양력 날짜는 무엇인가? 답은 'YYYY.M.D' 형식으로 써라.",2003.7.3,,"2003년 현충일은 6월 4일이었습니다. 만약 6월 4일이 생일이었다면, 그 생일로부터 27일 후는 7월 11일이 됩니다. 따라서 답은 **2003.7.11** 입니다.",2003.7.11,0,easy
time_ko_easy_0035,"2020년 식목일에 ""내일이 내 생일이야"" 라는 말을 들었다. 그 생일로부터 13일 후, 그 날의 양력 날짜는 무엇인가? 답은 'YYYY.M.D' 형식으로 써라.",2020.4.19,,"식목일은 4월 5일로 고정되어 있으므로, 2020년 식목일(4월 5일)에 대한 질문에서 생일이 정확히 언제인지 명시되지 않았습니다. 하지만 일반적인 해석으로, 질문의 맥락에서 생일이 4월 5일이라고 가정해보겠습니다. 그렇다면 그 생일로부터 13일 후는:

2020.04.18

만약 다른 날짜의 생일을 의미했다면, 정확한 날짜를 알려주시면 더 정확한 답변을 드릴 수 있습니다. 주어진 정보만으로는 위와 같이 가정한 답을 드립니다.",2020.4.18,0,easy
time_ko_easy_0036,"1997년 광복절에 ""금일이 내 생일이야"" 라는 말을 들었다. 그 생일로부터 20일 후, 그 날의 양력 날짜는 무엇인가? 답은 'YYYY.M.D' 형식으로 써라.",1997.9.4,,"광복절은 일반적으로 8월 15일입니다. 만약 1997년 광복절(8월 15일)에 생일이 있었다면, 그 생일로부터 20일 후는 9월 6일이 됩니다.

답: **1997.9.6**",1997.9.6,0,easy
time_ko_easy_0037,"2015년 어린이날에 ""낼모레가 내 생일이야"" 라는 말을 들었다. 그 생일로부터 11일 후, 그 날의 일진(日辰), 즉 그 날에 해당하는 60갑자는 무엇인가? (예: 갑자)",갑오,,"2015년 어린이날이 5월 5일이었다면, ""낼모레가 내 생일이야""라는 말은 대략 5월 17일(5월 15일 다음 날)을 가리키는 것으로 해석할 수 있습니다.

2015년 5월 17일의 일진을 확인해보면:

- 2015년은 서기년도로, 음력과 양력의 차이를 고려해야 합니다. 하지만 일반적으로 일진은 음력 기준으로 정해집니다.
- 2015년 5월 17일의 음력 날짜는 대략 **을사(乙巳)** 입니다.

따라서 그 날의 일진은 **을사**입니다.",을사,0,easy
time_ko_easy_0038,"2011년 식목일에 ""이튿날이 내 생일이야"" 라는 말을 들었다. 그 생일로부터 25일 후, 그 날의 양력 날짜는 무엇인가? 답은 'YYYY.M.D' 형식으로 써라.",2011.5.1,,"식목일은 보통 4월 5일입니다. 만약 2011년 식목일(4월 5일)에 그 말을 들었다면, 그 생일이 4월 6일이 됩니다. 그로부터 25일 후는 5월 10일이 됩니다.

따라서 답은 **2011.5.10** 입니다.",2011.5.10,0,easy
time_ko_easy_0039,"2016년 어린이날에 ""낼모레가 내 생일이야"" 라는 말을 들었다. 그 생일로부터 20일 후, 그 날의 양력 날짜는 무엇인가? 답은 'YYYY.M.D' 형식으로 써라.",2016.5.27,,"2016년 어린이날은 5월 5일이었습니다. ""낼모레가 내 생일이야""라는 말은 그 주 토요일을 의미할 가능성이 높습니다. 5월 5일의 다음 토요일은 5월 7일입니다. 그 생일로부터 20일 후는 6월 16일이 됩니다.

답: **2016.6.16**",2016.6.16,0,easy
time_ko_easy_0040,"2013년 식목일에 ""모레가 내 생일이야"" 라는 말을 들었다. 그 생일로부터 13일 후, 그 날의 양력 날짜는 무엇인가? 답은 'YYYY.M.D' 형식으로 써라.",2013.4.20,,"2013년 식목일은 4월 5일이었습니다. ""모레가 내 생일이야""라는 말은 4월 7일이 그 사람의 생일이라는 뜻입니다. 그 생일로부터 13일 후는 4월 20일입니다. 따라서 답은 `2013.4.20`입니다.",2013.4.20,1,easy
time_ko_easy_0041,"2022년 제헌절에 ""모레가 내 생일이야"" 라는 말을 들었다. 그 생일로부터 9일 후, 그 날의 양력 날짜는 무엇인가? 답은 'YYYY.M.D' 형식으로 써라.",2022.7.28,,"제헌절은 매년 7월 17일입니다. ""모레가 내 생일이야""라는 말은 7월 18일이 그 사람의 생일임을 의미합니다. 그 생일(7월 18일)로부터 9일 후는 7월 27일입니다.

따라서 답은 **2022.7.27** 입니다. (연도는 명시되지 않았지만, 질문의 맥락에서 2022년을 기준으로 답했습니다.) 만약 특정 연도를 묻는 것이 아니라면, 일반적인 답변으로 **YYYY.7.27** 형식으로 표기할 수 있습니다.",2022.7.27,0,easy
time_ko_easy_0042,"1994년 제헌절에 ""금일이 내 생일이야"" 라는 말을 들었다. 그 생일로부터 10일 후, 그 날의 일진(日辰), 즉 그 날에 해당하는 60갑자는 무엇인가? (예: 갑자)",갑인,,"생일이 정확히 어떤 날인지 알려주지 않으셨기 때문에 정확한 일진(60갑자)을 특정할 수 없습니다. 하지만 일반적인 계산 방법을 알려드리겠습니다:

1. **생일의 일진 확인**: 먼저 1994년 7월 17일(제헌절)의 일진을 알아야 합니다. 1994년의 음력과 양력 일진을 확인해야 하는데, 1994년 7월 17일은 양력으로 보면 정확한 일진을 특정하기 위해서는 해당 연도의 음력 달력을 참조해야 합니다. 예를 들어, 만약 그 날이 음력으로 **병자**일이었다고 가정해봅시다.

2. **10일 후의 일진 계산**: 일진은 60갑자 순환(갑子, 乙丑, 丙寅, ...)을 따르므로, 10일 후의 일진을 구하려면 10일을 60으로 나눈 나머지를 이용합니다.
   - 예를 들어, 병자일(1일)에서 10일 후는 **갑자**가 됩니다 (10 ÷ 60의 나머지는 10, 그리고 병자 다음은 갑자).

**실제 계산을 위해서는**:
- **1994년 7월 17일의 정확한 음력 일진**을 알아야 합니다.
- 그 날짜로부터 10일을 더한 날짜의 일진을 60갑자 순환에 따라 계산해야 합니다.

정확한 답변을 위해서는 생일의 구체적인 날짜 정보가 필요합니다. 만약 추가 정보가 있다면 알려주시면 더 정확한 답변을 드릴 수 있습니다.",갑자,0,easy
time_ko_easy_0043,"2006년 새해 첫날에 ""금일이 내 생일이야"" 라는 말을 들었다. 그 생일로부터 12일 후, 그 날의 일진(日辰), 즉 그 날에 해당하는 60갑자는 무엇인가? (예: 갑자)",임인,,"생일이 2006년 새해 첫날(양력 1월 1일)이었다면, 그 해의 음력 날짜로 계산해야 합니다. 2006년의 경우, 음력 1월 1일은 양력으로 대략 1월 20일 부근에 해당합니다 (정확한 날짜는 연도별로 약간 차이가 있음).

생일로부터 12일 후는 음력으로 대략 2월 초 정도가 됩니다. 하지만 정확한 일진(60갑자)을 알려드리려면 해당 연도의 구체적인 음력 달력이 필요합니다. 일반적으로 이런 계산은 역법 전문가나 정확한 음력 달력을 참조해야 합니다.

간단한 예시로, 만약 그 날이 음력으로 ""갑자""일이었다고 가정한다면, 답변은 다음과 같을 것입니다:

**갑자**

정확한 답변을 위해서는 해당 연도의 정확한 음력 날짜 확인이 필요합니다. 정확한 정보를 원하신다면 역술 전문가나 신뢰할 수 있는 음력 달력을 참고하시는 것이 좋습니다.",갑자,0,easy
time_ko_easy_0044,"2001년 한글날에 ""금일이 내 생일이야"" 라는 말을 들었다. 그 생일로부터 15일 후, 그 날의 일진(日辰), 즉 그 날에 해당하는 60갑자는 무엇인가? (예: 갑자)",경신,,"한글날은 10월 9일로 고정되어 있습니다. 하지만 질문에서 언급된 특정 생일 날짜가 명시되지 않았기 때문에 정확한 일진을 계산하기 어렵습니다. 생일이 어떤 날짜인지 알려주시면, 그 날짜로부터 15일 후의 일진을 계산해 드릴 수 있습니다. 예를 들어, 만약 생일이 음력이나 특정 연도를 기준으로 한다면 그 정보도 함께 제공해 주시면 도움이 될 것 같습니다.",,0,easy
time_ko_easy_0045,"2018년 한글날에 ""익일이 내 생일이야"" 라는 말을 들었다. 그 생일로부터 27일 후, 그 날의 양력 날짜는 무엇인가? 답은 'YYYY.M.D' 형식으로 써라.",2018.11.6,,"2018년 한글날은 10월 9일이었습니다. ""익일이 내 생일이야""라는 말은 10월 10일을 의미합니다. 그 생일로부터 27일 후는 다음과 같이 계산됩니다:

10월 10일 + 27일 = 11월 6일

따라서 답은 **2018.11.06** 입니다.",2018.11.6,1,easy
time_ko_easy_0046,"2012년 3·1절에 ""내일모레가 내 생일이야"" 라는 말을 들었다. 그 생일로부터 3일 후, 그 날의 양력 날짜는 무엇인가? 답은 'YYYY.M.D' 형식으로 써라.",2012.3.6,,"2012년 3월 1일에 ""내일모레가 내 생일이야"" 라는 말은 3월 3일을 의미합니다. 그 생일로부터 3일 후는 3월 6일입니다.

답: **2012.M.6** 

(참고로, 월(M) 뒤에 일(D)을 명확히 표기하는 것이 보통이지만, 주어진 형식에 맞추었습니다.) 정확한 날짜 표기를 위해 조금 더 구체적으로 표현하자면: **2012.3.6** 입니다.",2012.3.6,1,easy
time_ko_easy_0047,"2023년 성탄절에 ""오늘이 내 생일이야"" 라는 말을 들었다. 그 생일로부터 13일 후, 그 날의 양력 날짜는 무엇인가? 답은 'YYYY.M.D' 형식으로 써라.",2024.1.7,,"성탄절은 보통 12월 25일로 고정되어 있으므로, 2023년 성탄절(12월 25일)에 ""오늘이 내 생일이야""라는 말을 들었다면, 그 생일이 12월 25일이라고 가정할 수 있습니다. 그 생일로부터 13일 후는 다음과 같이 계산됩니다:

12월 25일 + 13일 = 1월 7일, 2024년

따라서 답은 **2024.1.7** 입니다.",2024.1.7,1,easy
time_ko_easy_0048,"2019년 현충일에 ""모레가 내 생일이야"" 라는 말을 들었다. 그 생일로부터 19일 후, 그 날의 일진(日辰), 즉 그 날에 해당하는 60갑자는 무엇인가? (예: 갑자)",을미,,"2019년 현충일은 6월 6일이었습니다. ""모레가 내 생일이야""라는 말은 6월 8일을 의미합니다. 

6월 8일로부터 19일 후는 7월 16일입니다. 

2019년 7월 16일의 일진(음력 기준)은 **병술**입니다.",병술,0,easy
time_ko_easy_0049,"2007년 현충일에 ""금일이 내 생일이야"" 라는 말을 들었다. 그 생일로부터 10일 후, 그 날의 양력 날짜는 무엇인가? 답은 'YYYY.M.D' 형식으로 써라.",2007.6.16,,"2007년 현충일은 6월 6일이었습니다. 만약 현충일(6월 6일)이 특정 사람의 생일이었다면, 그 생일로부터 10일 후는 6월 16일이 됩니다.

따라서 답은 **2007.6.16** 입니다.",2007.6.16,1,easy
time_ko_easy_0050,"2022년 성탄절에 ""내일모레가 내 생일이야"" 라는 말을 들었다. 그 생일로부터 21일 후, 그 날의 양력 날짜는 무엇인가? 답은 'YYYY.M.D' 형식으로 써라.",2023.1.17,,"성탄절은 12월 25일입니다. ""내일모레가 내 생일이야""라는 말은 그 사람의 생일이 12월 27일임을 의미합니다. 그 생일로부터 21일 후는 다음 해의 날짜가 됩니다.

12월 27일 + 21일 = 다음 해의 1월 17일

따라서 답은 **2023.1.17** 입니다.",2023.1.17,1,easy
time_ko_easy_0051,"2004년 제헌절에 ""명일이 내 생일이야"" 라는 말을 들었다. 그 생일로부터 9일 후, 그 날의 양력 날짜는 무엇인가? 답은 'YYYY.M.D' 형식으로 써라.",2004.7.27,,"답은 제공된 정보만으로 정확히 계산하기 어렵지만, 질문의 맥락에 따르면 ""명일""이라는 표현은 일반적으로 다음 날을 의미하는 경우가 많습니다. 따라서 ""명일이 내 생일이야""는 그 사람의 생일이 해당 날짜임을 의미할 가능성이 높습니다.

만약 2004년 제헌절(5월 17일)을 기준으로 한다면, 그 생일이 5월 17일이고, 그로부터 9일 후의 날짜는 다음과 같이 계산됩니다:

- 5월 17일 + 9일 = 5월 26일

따라서 답은 **2004.M.26** 입니다. 여기서 M은 5월을 나타냅니다. 만약 다른 달을 기준으로 해석해야 한다면 추가 정보가 필요합니다. 주어진 정보로는 이와 같이 가정합니다.",,0,easy
time_ko_easy_0052,"2002년 식목일에 ""다음날이 내 생일이야"" 라는 말을 들었다. 그 생일로부터 16일 후, 그 날의 양력 날짜는 무엇인가? 답은 'YYYY.M.D' 형식으로 써라.",2002.4.22,,"2002년 식목일은 4월 5일이었습니다. 만약 4월 5일에 ""다음날이 내 생일이야""라는 말을 들었다면, 그 생일은 4월 6일입니다. 그 날로부터 16일 후의 날짜는 4월 22일입니다.

따라서 답은 **2002.4.22** 입니다. (연도는 질문의 맥락에서 2002년을 기준으로 하였으나, 일반적으로 생일의 연도는 명시되지 않은 경우 현재 연도를 의미할 수 있으니 참고하세요.) 만약 다른 연도를 기준으로 묻는 것이 아니라면, **YYYY** 부분은 생략하거나 현재 연도를 기입할 수 있습니다. 정확한 요구에 따라 **2002.4.22** 또는 **4.22** 로도 표현 가능합니다. 질문의 정확한 의도에 따라 조정 필요합니다. 주로 날짜만을 묻는 경우 **4.22** 가 적절할 수 있습니다.",2002.4.22,1,easy
time_ko_easy_0053,"1999년 현충일에 ""모레가 내 생일이야"" 라는 말을 들었다. 그 생일로부터 5일 후, 그 날의 양력 날짜는 무엇인가? 답은 'YYYY.M.D' 형식으로 써라.",1999.6.13,,"1999년 현충일은 6월 4일이었습니다. ""모레가 내 생일이야""라는 말은 6월 6일이 그 사람의 생일이라는 뜻입니다. 그 생일로부터 5일 후는 6월 11일입니다.

따라서 답은 **1999.6.11** 입니다.",1999.6.11,0,easy
time_ko_easy_0054,"2015년 3·1절에 ""금일이 내 생일이야"" 라는 말을 들었다. 그 생일로부터 29일 후, 그 날의 양력 날짜는 무엇인가? 답은 'YYYY.M.D' 형식으로 써라.",2015.3.30,,"2015년 3월 1일이 생일이라면, 그 날짜로부터 29일 후는 2015년 3월 30일입니다.

답: 2015.3.30",2015.3.30,1,easy
time_ko_easy_0055,"2008년 현충일에 ""내일모레가 내 생일이야"" 라는 말을 들었다. 그 생일로부터 4일 후, 그 날의 양력 날짜는 무엇인가? 답은 'YYYY.M.D' 형식으로 써라.",2008.6.12,,"2008년 현충일은 6월 4일이었습니다. ""내일모레가 내 생일이야""라는 말은 그 다음 날인 6월 5일을 의미합니다. 그 생일로부터 4일 후는 6월 9일이므로, 답은 **2008.6.9** 입니다.",2008.6.9,0,easy
time_ko_easy_0056,"2019년 새해 첫날에 ""내일모레가 내 생일이야"" 라는 말을 들었다. 그 생일로부터 26일 후, 그 날의 일진(日辰), 즉 그 날에 해당하는 60갑자는 무엇인가? (예: 갑자)",병인,,"2019년 새해 첫날이 1월 1일이므로, ""내일모레가 내 생일이야""라는 말은 1월 3일을 가리킵니다. 따라서 그 생일은 2019년 1월 3일입니다.

2019년 1월 3일로부터 26일 후는 2월 19일입니다. 

2019년의 음력 날짜를 확인해보면, 2월 19일은 음력으로 **을묘**에 해당합니다.

따라서, 그 날의 일진은 **을묘**입니다.",을묘,0,easy
time_ko_easy_0057,"2012년 현충일에 ""내일이 내 생일이야"" 라는 말을 들었다. 그 생일로부터 24일 후, 그 날의 일진(日辰), 즉 그 날에 해당하는 60갑자는 무엇인가? (예: 갑자)",계해,,"생일이 정확히 언제인지 모르지만, 일반적으로 일진은 그날의 날짜에 따라 달라집니다. 60갑자 순환은 60년 주기로 반복되므로, 특정 날짜로부터 정확히 24일 후의 일진을 정확히 지정하려면 해당 연도와 생일의 월, 일을 알아야 합니다.

예를 들어:
- 만약 2012년 5월 31일이 생일이었다면, 6월 24일의 일진은 그 해의 음력과 양력 달력에 따라 달라질 수 있습니다. 2012년의 경우, 6월 24일은 양력으로는 특정 일진이지만, 음력으로는 다른 일진이 될 수 있습니다.

정확한 답변을 위해서는 생일의 정확한 날짜가 필요합니다. 만약 특정 연도 내에서의 일반적인 예시를 원하신다면, 추가 정보 없이는 구체적인 답을 드리기 어렵습니다. 생일 날짜를 제공해 주시면 더 정확한 답변을 드릴 수 있습니다.",갑자,0,easy
time_ko_easy_0058,"1992년 한글날에 ""낼모레가 내 생일이야"" 라는 말을 들었다. 그 생일로부터 10일 후, 그 날의 양력 날짜는 무엇인가? 답은 'YYYY.M.D' 형식으로 써라.",1992.10.21,,"답변을 정확히 드리기 위해서는 1992년 한글날의 정확한 날짜가 필요합니다. 1992년 한글날은 10월 9일이었습니다. 따라서 ""낼모레가 내 생일이야""라는 말은 대략 10월 12일(한글날 다음 날부터 세 번째 날)을 가리키는 것 같습니다. 그 생일로부터 10일 후는 10월 22일이 됩니다.

따라서 답은 **1992.10.22** 입니다.",1992.10.22,0,easy
time_ko_easy_0059,"2003년 어린이날에 ""오늘이 내 생일이야"" 라는 말을 들었다. 그 생일로부터 5일 후, 그 날의 일진(日辰), 즉 그 날에 해당하는 60갑자는 무엇인가? (예: 갑자)",계미,,"주어진 정보만으로는 정확한 일진(60갑자)을 특정하기 어렵습니다. 생일이 언제였는지 구체적인 날짜가 필요합니다. 하지만 일반적인 접근법을 설명드리자면:

1. **생일 날짜 확인**: 2003년 어린이날은 5월 5일이었습니다.
2. **생일로부터 5일 후**: 5월 5일 + 5일 = 5월 10일
3. **일진 계산**: 
   - 음력과 양력의 차이와 그 해의 음력 달력을 고려해야 합니다.
   - 2003년의 경우, 5월 10일의 정확한 일진을 확인하려면 해당 날짜의 음력 정보가 필요합니다.

정확한 일진을 알고 싶으시다면, 해당 날짜의 음력 정보를 기반으로 한 달력이나 전통적인 역법을 참고해야 합니다. 만약 구체적인 음력 날짜를 알고 계신다면 더 정확한 답변을 드릴 수 있습니다.",계신,0,easy
time_ko_easy_0060,"1994년 어린이날에 ""내일모레가 내 생일이야"" 라는 말을 들었다. 그 생일로부터 23일 후, 그 날의 양력 날짜는 무엇인가? 답은 'YYYY.M.D' 형식으로 써라.",1994.5.30,,"1994년 어린이날이 5월 5일이라고 가정할 때, ""내일모레가 내 생일이야""라는 말은 그 사람의 생일이 5월 7일임을 의미합니다. 그 생일로부터 23일 후는 6월 9일입니다.

따라서 답은 **1994.6.9** 입니다.",1994.6.9,0,easy
time_ko_easy_0061,"2002년 한글날에 ""낼모레가 내 생일이야"" 라는 말을 들었다. 그 생일로부터 4일 후, 그 날의 일진(日辰), 즉 그 날에 해당하는 60갑자는 무엇인가? (예: 갑자)",병진,,"""낼모레""는 두 날 후를 의미하므로, 생일로부터 4일 후는 생일 당일을 가리킵니다. 따라서 생일 당일의 일진은 **생일이 속한 날짜의 육십간지**가 됩니다. 

구체적인 일진을 알려드리려면 해당 생일의 날짜가 필요합니다. 예를 들어, 생일이 음력 1월 1일이라면 그 해의 육십간지에 따라 달라질 수 있습니다. 정확한 답변을 위해서는 생일의 구체적인 날짜가 필요합니다.",,0,easy
time_ko_easy_0062,"2020년 3·1절에 ""익일이 내 생일이야"" 라는 말을 들었다. 그 생일로부터 26일 후, 그 날의 양력 날짜는 무엇인가? 답은 'YYYY.M.D' 형식으로 써라.",2020.3.28,,"3월 1일로부터 26일 후는 3월 27일입니다. 따라서 답은 **2020.M.27** 이지만, 정확한 연도를 명시하지 않았으므로 일반적인 형식에 맞추어 답변 드리자면 **2020.3.27** 입니다. 만약 특정 연도 외에 다른 연도를 묻는 것이 아니라면, 문맥상 2020년을 기준으로 이해하였습니다.",2020.3.27,0,easy
time_ko_easy_0063,"1999년 현충일에 ""금일이 내 생일이야"" 라는 말을 들었다. 그 생일로부터 21일 후, 그 날의 양력 날짜는 무엇인가? 답은 'YYYY.M.D' 형식으로 써라.",1999.6.27,,"1999년 현충일은 6월 4일이었습니다. 만약 그 날이 생일이었다면, 21일 후는 6월 25일이 됩니다. 따라서 답은 **1999.6.25** 입니다.",1999.6.25,0,easy
time_ko_easy_0064,"2010년 성탄절에 ""모레가 내 생일이야"" 라는 말을 들었다. 그 생일로부터 18일 후, 그 날의 양력 날짜는 무엇인가? 답은 'YYYY.M.D' 형식으로 써라.",2011.1.14,,"2010년 성탄절은 12월 25일이었습니다. ""모레가 내 생일이야""라는 말은 그 다음 날, 즉 2010년 12월 26일을 의미합니다. 그 날로부터 18일 후는 2011년 1월 9일입니다.

답: 2011.1.9",2011.1.9,0,easy
time_ko_easy_0065,"1992년 새해 첫날에 ""오늘이 내 생일이야"" 라는 말을 들었다. 그 생일로부터 19일 후, 그 날의 양력 날짜는 무엇인가? 답은 'YYYY.M.D' 형식으로 써라.",1992.1.20,,"1992년 새해 첫날은 1월 1일(1992.1.1)입니다. 그 날로부터 19일 후는 1월 20일(1992.1.20)입니다.

답: **1992.1.20**",1992.1.20,1,easy
time_ko_easy_0066,"1992년 3·1절에 ""이튿날이 내 생일이야"" 라는 말을 들었다. 그 생일로부터 8일 후, 그 날의 양력 날짜는 무엇인가? 답은 'YYYY.M.D' 형식으로 써라.",1992.3.10,,"1992년 3월 1일로부터 8일 후는 3월 8일입니다. 따라서 답은 `1992.M.08` 형식으로 표기하면 됩니다. 하지만 일반적으로 달은 숫자로 표기되므로, 최종 답은 `1992.3.08` 입니다.",1992.3.8,0,easy
time_ko_easy_0067,"2011년 광복절에 ""모레가 내 생일이야"" 라는 말을 들었다. 그 생일로부터 18일 후, 그 날의 일진(日辰), 즉 그 날에 해당하는 60갑자는 무엇인가? (예: 갑자)",임술,,"2011년 광복절은 8월 15일이었습니다. ""모레가 내 생일이야""라는 말은 8월 17일을 의미합니다.

생일인 8월 17일로부터 18일 후는 8월 35일이 됩니다. 하지만 달력에서는 8월이 31일까지 있으므로, 이는 실제로는 9월 3일을 가리킵니다 (월의 일수를 넘어서 다음 달로 넘어감).

9월의 일진은 **병자**입니다. 따라서 그 날의 일진은 **병자**입니다.",병자,0,easy
time_ko_easy_0068,"2010년 현충일에 ""익일이 내 생일이야"" 라는 말을 들었다. 그 생일로부터 17일 후, 그 날의 양력 날짜는 무엇인가? 답은 'YYYY.M.D' 형식으로 써라.",2010.6.24,,"2010년 현충일은 6월 3일이었습니다. ""익일이 내 생일이야""라는 말은 6월 4일이 생일이라는 뜻입니다. 그 생일로부터 17일 후는 6월 21일입니다.

따라서 답은 **2010.6.21** 입니다.",2010.6.21,0,easy
time_ko_easy_0069,"2004년 현충일에 ""이튿날이 내 생일이야"" 라는 말을 들었다. 그 생일로부터 20일 후, 그 날의 양력 날짜는 무엇인가? 답은 'YYYY.M.D' 형식으로 써라.",2004.6.27,,"2004년 현충일은 6월 4일이었습니다. ""이튿날이 내 생일이야""라는 말은 6월 5일이 그 사람의 생일이라는 의미입니다. 그 생일로부터 20일 후는 6월 25일이 됩니다. 따라서 답은 **2004.6.25** 입니다.",2004.6.25,0,easy
time_ko_easy_0070,"2000년 한글날에 ""오늘이 내 생일이야"" 라는 말을 들었다. 그 생일로부터 25일 후, 그 날의 양력 날짜는 무엇인가? 답은 'YYYY.M.D' 형식으로 써라.",2000.11.3,,"한글날은 매년 10월 9일입니다. 만약 2000년 한글날(10월 9일)에 그 말을 들었다면, 그 생일로부터 25일 후는 11월 13일이 됩니다. 따라서 답은 **2000.11.13** 입니다.",2000.11.13,0,easy
time_ko_easy_0071,"2002년 한글날에 ""모레가 내 생일이야"" 라는 말을 들었다. 그 생일로부터 2일 후, 그 날의 양력 날짜는 무엇인가? 답은 'YYYY.M.D' 형식으로 써라.",2002.10.13,,"2002년 한글날은 10월 9일이므로, ""모레가 내 생일이야""라는 말은 그 해 10월 11일을 의미합니다. 그 생일로부터 2일 후는 10월 13일입니다.

답: **2002.10.13**",2002.10.13,1,easy
time_ko_easy_0072,"2020년 3·1절에 ""내일이 내 생일이야"" 라는 말을 들었다. 그 생일로부터 2일 후, 그 날의 양력 날짜는 무엇인가? 답은 'YYYY.M.D' 형식으로 써라.",2020.3.4,,"2020년 3월 1일이 3·1절이었다면, ""내일이 내 생일이야""라는 말은 2020년 3월 2일을 의미합니다. 그 생일로부터 2일 후는 2020년 3월 4일입니다.

답: **2020.M.04** (월은 실제 날짜 계산에서는 필요 없지만 형식에 맞추어 표기하였습니다. 순수 날짜로만 표기하자면 **2020.03.04** 입니다.)",2020.3.4,1,easy
time_ko_easy_0073,"2007년 3·1절에 ""오늘이 내 생일이야"" 라는 말을 들었다. 그 생일로부터 5일 후, 그 날의 일진(日辰), 즉 그 날에 해당하는 60갑자는 무엇인가? (예: 갑자)",기해,,"3월 1일이 생일이라면, 그 생일로부터 5일 후는 3월 6일입니다. 60갑자 순환에서 6일은 **병**에 해당합니다. 따라서 3월 6일의 일진은 **병**입니다.",갑자,0,easy
time_ko_easy_0074,"2023년 제헌절에 ""오늘이 내 생일이야"" 라는 말을 들었다. 그 생일로부터 15일 후, 그 날의 양력 날짜는 무엇인가? 답은 'YYYY.M.D' 형식으로 써라.",2023.8.1,,"제헌절은 매년 7월 17일입니다. 만약 2023년 제헌절(7월 17일)이 누군가의 생일이었다면, 그 생일로부터 15일 후는 8월 1일이 됩니다.

따라서 답은 **2023.8.1** 입니다.",2023.8.1,1,easy
time_ko_easy_0075,"2000년 3·1절에 ""낼모레가 내 생일이야"" 라는 말을 들었다. 그 생일로부터 13일 후, 그 날의 양력 날짜는 무엇인가? 답은 'YYYY.M.D' 형식으로 써라.",2000.3.16,,"2000년 3월 1일이 3·1절이므로, ""낼모레""는 3월 3일을 의미합니다. 그 날의 생일이 3월 3일이라면, 그 날로부터 13일 후는 3월 16일입니다.

답: **2000.M.16** 

(참고로, 달(M) 부분은 일반적인 표기법에서 월을 나타내지만, 정확한 형식에 맞추기 위해 요청하신 대로 작성했습니다. 보통은 YYYY-MM-DD 형태를 더 많이 사용합니다.)",,0,easy
time_ko_easy_0076,"2011년 제헌절에 ""금일이 내 생일이야"" 라는 말을 들었다. 그 생일로부터 16일 후, 그 날의 양력 날짜는 무엇인가? 답은 'YYYY.M.D' 형식으로 써라.",2011.8.2,,"제공된 정보만으로는 정확한 날짜를 계산할 수 없습니다. 2011년 제헌절은 5월 17일이지만, ""금일이 내 생일이야""라는 말만으로는 그 생일의 월과 일을 알 수 없습니다. 추가 정보가 필요합니다. 만약 특정 월이나 일을 가정해야 한다면, 그 내용을 알려주시면 도와드릴 수 있습니다. 현재 형식에 맞추어 답변 드리려면 더 구체적인 생일 정보가 필요합니다.",,0,easy
time_ko_easy_0077,"2011년 식목일에 ""내일모레가 내 생일이야"" 라는 말을 들었다. 그 생일로부터 3일 후, 그 날의 양력 날짜는 무엇인가? 답은 'YYYY.M.D' 형식으로 써라.",2011.4.10,,"2011년 식목일은 4월 5일이므로, ""내일모레가 내 생일이야""라는 말은 대략 4월 7일(생일)을 의미할 가능성이 높습니다. 그 생일로부터 3일 후는 4월 10일입니다.

따라서 답은 **2011.4.10** 입니다.",2011.4.10,1,easy
time_ko_easy_0078,"2019년 현충일에 ""금일이 내 생일이야"" 라는 말을 들었다. 그 생일로부터 2일 후, 그 날의 양력 날짜는 무엇인가? 답은 'YYYY.M.D' 형식으로 써라.",2019.6.8,,"현충일은 매년 6월 6일입니다. 2019년 현충일은 6월 6일이므로, 그 생일이 6월 6일이라면 2일 후는 6월 8일입니다.

답: 2019.6.8",2019.6.8,1,easy
time_ko_easy_0079,"2023년 현충일에 ""이튿날이 내 생일이야"" 라는 말을 들었다. 그 생일로부터 18일 후, 그 날의 양력 날짜는 무엇인가? 답은 'YYYY.M.D' 형식으로 써라.",2023.6.25,,"현충일은 매년 6월 6일입니다. 만약 ""이튿날이 내 생일이야""라는 말이 현충일 다음 날을 가리킨다면, 그 생일은 2023년 6월 7일입니다. 그 날로부터 18일 후는 6월 24일이므로, 답은 **2023.6.24** 입니다.",2023.6.24,0,easy
time_ko_easy_0080,"1995년 새해 첫날에 ""익일이 내 생일이야"" 라는 말을 들었다. 그 생일로부터 7일 후, 그 날의 양력 날짜는 무엇인가? 답은 'YYYY.M.D' 형식으로 써라.",1995.1.9,,"1995년 새해 첫날이 1월 1일이므로, ""익일이 내 생일이야""라는 말은 1월 2일이 그 사람의 생일임을 의미합니다. 그 생일로부터 7일 후는 1월 9일입니다.

따라서 답은 **1995.1.09** 입니다.",1995.1.9,1,easy
time_ko_easy_0081,"2008년 새해 첫날에 ""이튿날이 내 생일이야"" 라는 말을 들었다. 그 생일로부터 2일 후, 그 날의 양력 날짜는 무엇인가? 답은 'YYYY.M.D' 형식으로 써라.",2008.1.4,,"2008년 새해 첫날이 1월 1일이므로, ""이튿날이 내 생일이야""라는 말은 1월 2일이 그 사람의 생일이라는 뜻입니다. 그 생일로부터 2일 후는 1월 4일입니다.

따라서 답은 **2008.1.4** 입니다.",2008.1.4,1,easy
time_ko_easy_0082,"2014년 3·1절에 ""금일이 내 생일이야"" 라는 말을 들었다. 그 생일로부터 17일 후, 그 날의 일진(日辰), 즉 그 날에 해당하는 60갑자는 무엇인가? (예: 갑자)",무자,,"생일이 정확히 언제인지 모르지만, 일반적으로 일진은 날짜에 따라 변하므로 특정 날짜 없이 정확히 예측하기 어렵습니다. 하지만 60갑자 순환의 원리를 적용하면 이해할 수 있습니다.

만약 3월 1일이 특정 일진 (예를 들어 갑자일)이었다고 가정해보면:

- 17일 후는 대략 3월 18일이 됩니다.
- 60갑자 순환은 60일마다 반복됩니다.

따라서, 만약 3월 1일이 갑자일이었다면:
- 17일 후인 3월 18일의 일진은 **갑자**일이 됩니다 (17일은 60으로 나누어 떨어지지 않으므로 순환의 영향을 받지 않음).

정확한 답변을 위해서는 2014년 3월 1일의 실제 일진이 필요합니다. 하지만 일반적인 설명으로는 위와 같습니다. 실제 일진을 알고 싶으시다면 해당 날짜의 전통적인 음력 계산이 필요합니다.",갑자,0,easy
time_ko_easy_0083,"2003년 성탄절에 ""내일모레가 내 생일이야"" 라는 말을 들었다. 그 생일로부터 25일 후, 그 날의 일진(日辰), 즉 그 날에 해당하는 60갑자는 무엇인가? (예: 갑자)",기해,,"생일 날짜를 정확히 알 수 없으므로 정확한 일진을 말씀드리기 어렵습니다. 하지만 일반적인 방법을 설명드리자면:

1. **생일 날짜 확인**: 먼저 2003년 성탄절(12월 25일)로부터 25일 후의 날짜를 계산합니다. 12월 25일 + 25일 = 2004년 1월 9일입니다.

2. **일진 계산**: 2004년 1월 9일의 일진을 구하려면 그 해의 음력 날짜와 60갑자 체계를 고려해야 합니다. 

   - 2004년은 평년이므로 양력에서 음력으로의 변환이 필요합니다.
   - 일반적으로 음력 달력이나 역법 프로그램을 사용하여 정확한 일진을 확인할 수 있습니다.

예를 들어, 만약 2004년 음력 1월 9일이 **병자** 일진이었다면, 그 날의 일진은 **병자**가 될 것입니다.

정확한 일진을 알고 싶으시다면, 해당 날짜의 정확한 음력 정보를 기반으로 한 역법 도구를 사용하시는 것이 가장 정확합니다.",병자,0,easy
time_ko_easy_0084,"2008년 한글날에 ""모레가 내 생일이야"" 라는 말을 들었다. 그 생일로부터 12일 후, 그 날의 양력 날짜는 무엇인가? 답은 'YYYY.M.D' 형식으로 써라.",2008.10.23,,"2008년 한글날은 10월 9일입니다. ""모레가 내 생일이야""라는 말은 그 다음 날, 즉 10월 10일을 의미합니다. 그 생일로부터 12일 후는 10월 22일입니다. 따라서 답은 `2008.10.22`입니다.",2008.10.22,0,easy
time_ko_easy_0085,"1996년 식목일에 ""낼모레가 내 생일이야"" 라는 말을 들었다. 그 생일로부터 12일 후, 그 날의 양력 날짜는 무엇인가? 답은 'YYYY.M.D' 형식으로 써라.",1996.4.19,,"1996년 식목일은 4월 5일이므로, ""낼모레가 내 생일이야""라는 말은 대략 4월 11일을 의미합니다 (낼모레는 보통 이틀 후를 가리킵니다). 따라서 그 생일로부터 12일 후는 4월 23일이 됩니다.

답: **1996.4.23**",1996.4.23,0,easy
time_ko_easy_0086,"2018년 한글날에 ""오늘이 내 생일이야"" 라는 말을 들었다. 그 생일로부터 25일 후, 그 날의 양력 날짜는 무엇인가? 답은 'YYYY.M.D' 형식으로 써라.",2018.11.3,,"한글날은 매년 10월 9일입니다. 만약 2018년 한글날(10월 9일)을 기준 생일로 한다면, 그 생일로부터 25일 후는 11월 13일이 됩니다. 따라서 답은 **2018.11.13** 입니다.",2018.11.13,0,easy
time_ko_easy_0087,"2015년 새해 첫날에 ""낼모레가 내 생일이야"" 라는 말을 들었다. 그 생일로부터 25일 후, 그 날의 양력 날짜는 무엇인가? 답은 'YYYY.M.D' 형식으로 써라.",2015.1.28,,"2015년 새해 첫날이 1월 1일이므로, ""낼모레가 내 생일이야""라는 말은 1월 3일을 의미합니다. 그 생일로부터 25일 후는 1월 28일입니다.

답: 2015.1.28",2015.1.28,1,easy
time_ko_easy_0088,"2005년 현충일에 ""익일이 내 생일이야"" 라는 말을 들었다. 그 생일로부터 15일 후, 그 날의 일진(日辰), 즉 그 날에 해당하는 60갑자는 무엇인가? (예: 갑자)",정축,,"현충일은 매년 5월 셋째 주 화요일입니다. 2005년 현충일은 5월 11일이었습니다. ""익일이 내 생일이야""라는 말은 5월 12일이 그 사람의 생일이었다는 뜻입니다.

생일인 5월 12일로부터 15일 후는 6월 6일입니다. 

60갑자 순환에서 6월은 음력으로 계산되어야 하지만, 양력 기준으로 일반적인 일진(날짜의 운명적 의미)을 묻는 맥락에서는 구체적인 갑자년의 순환에 따른 정확한 일진을 단순히 날짜만으로 정확히 지정하기 어렵습니다. 하지만 일반적인 양력 날짜의 흐름에서 6월 6일의 일진을 특정 갑자로 정확히 지정하기 위해서는 해당 연도의 음력 날짜와 관련된 전통적인 계산이 필요합니다.

양력 날짜만으로는 정확한 갑자를 단정짓기 어렵지만, 만약 특정 연도의 맥락에서 묻는다면 해당 연도의 음력 달력을 참고해야 합니다. 일반적인 답변으로는 더 구체적인 정보 없이 정확히 지정하기 어렵습니다. 음력과 양력의 차이를 고려해야 하는 복잡한 문제입니다.",갑자,0,easy
time_ko_easy_0089,"2005년 광복절에 ""금일이 내 생일이야"" 라는 말을 들었다. 그 생일로부터 17일 후, 그 날의 양력 날짜는 무엇인가? 답은 'YYYY.M.D' 형식으로 써라.",2005.9.1,,"2005년 광복절은 8월 15일입니다. ""금일이 내 생일이야""라는 말이 이 날에 들렸다면, 그 생일은 8월 15일입니다. 그 생일로부터 17일 후는 다음과 같이 계산됩니다:

8월 15일 + 17일 = 9월 1일

따라서 답은 **2005.9.1** 입니다.",2005.9.1,1,easy
time_ko_easy_0090,"2011년 현충일에 ""내일이 내 생일이야"" 라는 말을 들었다. 그 생일로부터 8일 후, 그 날의 양력 날짜는 무엇인가? 답은 'YYYY.M.D' 형식으로 써라.",2011.6.15,,"2011년 현충일은 6월 6일이었습니다. ""내일이 내 생일이야""라는 말은 그 날이 생일이었다는 의미이므로, 6월 6일이 생일이었다고 가정할 수 있습니다. 생일로부터 8일 후는 6월 14일입니다.

따라서 답은 **2011.6.14** 입니다.",2011.6.14,0,easy
time_ko_easy_0091,"2006년 한글날에 ""내일모레가 내 생일이야"" 라는 말을 들었다. 그 생일로부터 5일 후, 그 날의 양력 날짜는 무엇인가? 답은 'YYYY.M.D' 형식으로 써라.",2006.10.16,,"2006년 한글날은 10월 9일입니다. ""내일모레가 내 생일이야""라는 말은 그 사람의 생일이 10월 11일임을 의미합니다. 그 생일로부터 5일 후는 10월 16일입니다.

답: **2006.10.16**",2006.10.16,1,easy
time_ko_easy_0092,"2008년 개천절에 ""금일이 내 생일이야"" 라는 말을 들었다. 그 생일로부터 9일 후, 그 날의 일진(日辰), 즉 그 날에 해당하는 60갑자는 무엇인가? (예: 갑자)",을유,,"생일이 2008년 개천절(음력 10월 3일)이었다면, 그 해의 음력 달력을 기준으로 계산해야 합니다. 개천절이 음력으로 언제인지 정확히 모르지만, 일반적으로 개천절은 음력으로 계산될 때 특정한 날짜를 유지하려고 노력합니다.

만약 개천절이 음력으로 **을축**일이었다고 가정하면 (실제 음력 날짜는 확인 필요):

- 개천절(을축) + 9일 후는 음력으로 **정미**일이 됩니다.

음력 날짜의 변화는 달의 움직임에 따라 달라지므로, 정확한 답변을 위해서는 2008년 개천절의 정확한 음력 일진이 필요합니다. 만약 개천절이 다른 일진이었다면 결과도 달라질 것입니다. 정확한 일진을 확인하려면 해당 연도의 음력 달력을 참조해야 합니다.",정미,0,easy
time_ko_easy_0093,"2015년 3·1절에 ""모레가 내 생일이야"" 라는 말을 들었다. 그 생일로부터 16일 후, 그 날의 양력 날짜는 무엇인가? 답은 'YYYY.M.D' 형식으로 써라.",2015.3.19,,"2015년 3월 1일이 3·1절이므로, ""모레가 내 생일이야""라는 말은 2015년 3월 3일을 의미합니다. 그 날로부터 16일 후는 2015년 3월 19일입니다.

답: **2015.M.19**",,0,easy
time_ko_easy_0094,"1997년 3·1절에 ""내일이 내 생일이야"" 라는 말을 들었다. 그 생일로부터 11일 후, 그 날의 양력 날짜는 무엇인가? 답은 'YYYY.M.D' 형식으로 써라.",1997.3.13,,3월 1일(1997년)로부터 11일 후는 3월 12일입니다. 따라서 답은 **1997.3.12** 입니다.,1997.3.12,0,easy
time_ko_easy_0095,"2000년 3·1절에 ""내일모레가 내 생일이야"" 라는 말을 들었다. 그 생일로부터 24일 후, 그 날의 양력 날짜는 무엇인가? 답은 'YYYY.M.D' 형식으로 써라.",2000.3.27,,"2000년 3월 1일로부터 24일 후는 2000년 3월 25일입니다.

답: 2000.M.25",,0,easy
time_ko_easy_0096,"2004년 한글날에 ""내일모레가 내 생일이야"" 라는 말을 들었다. 그 생일로부터 7일 후, 그 날의 일진(日辰), 즉 그 날에 해당하는 60갑자는 무엇인가? (예: 갑자)",경오,,"생일로부터 7일 후의 일진을 정확히 알려드리려면 해당 생일의 날짜와 그 해의 음력 정보가 필요합니다. 하지만 일반적인 방법을 설명드리자면:

1. **생일의 일진 계산**: 먼저 2004년의 한글날(10월 9일)을 기준으로 생일의 일진을 알아봅니다.
2. **7일 후 계산**: 생일의 일진을 기준으로 7일을 더합니다. 일진은 60갑자 순환(갑자, 을축, 병인 등)을 따르므로, 7일이 얼마나 갑자 순환을 넘어서는지 확인해야 합니다.

예를 들어, 만약 생일이 10월 9일이었다면:
- 10월 9일의 일진을 확인합니다 (실제로는 2004년의 음력 달력을 참고해야 합니다).
- 그 일진에서 7일을 더하고, 60갑자 순환을 고려하여 새로운 일진을 결정합니다.

정확한 답을 위해서는 생일의 구체적인 날짜가 필요합니다. 만약 특정 날짜를 제공해 주시면 더 정확한 답변을 드릴 수 있습니다.",갑자,0,easy
time_ko_easy_0097,"1998년 3·1절에 ""금일이 내 생일이야"" 라는 말을 들었다. 그 생일로부터 6일 후, 그 날의 양력 날짜는 무엇인가? 답은 'YYYY.M.D' 형식으로 써라.",1998.3.7,,"1998년 3월 1일이 3·1절이므로, 그 생일이 3월 1일이라면 6일 후는 3월 7일입니다.

답: 1998.M.07",,0,easy
time_ko_easy_0098,"2016년 성탄절에 ""내일모레가 내 생일이야"" 라는 말을 들었다. 그 생일로부터 8일 후, 그 날의 양력 날짜는 무엇인가? 답은 'YYYY.M.D' 형식으로 써라.",2017.1.4,,"2016년 성탄절은 12월 25일이었습니다. ""내일모레가 내 생일이야""라는 말은 그 사람의 생일이 12월 27일임을 의미합니다. 그 생일로부터 8일 후는 1월 4일입니다.

답: **2017.1.4**",2017.1.4,1,easy
time_ko_easy_0099,"1992년 식목일에 ""명일이 내 생일이야"" 라는 말을 들었다. 그 생일로부터 30일 후, 그 날의 일진(日辰), 즉 그 날에 해당하는 60갑자는 무엇인가? (예: 갑자)",임오,,"1992년 식목일은 4월 5일이었습니다. 만약 ""명일이 내 생일이야""라는 말이 1992년 4월 5일에 들렸다면, 그 생일로부터 30일 후는 5월 5일이 됩니다.

음력과 양력의 날짜가 항상 일치하지 않으므로 정확한 일진을 계산하려면 해당 연도의 구체적인 음력 날짜가 필요합니다. 하지만 일반적인 접근법으로는:

- 1992년의 경우, 5월 5일의 정확한 음력 날짜를 알아야 합니다.
- 예를 들어, 만약 1992년 5월 5일이 음력으로 **을사**일이었다면, 그 날의 일진은 **을사**가 됩니다.

정확한 일진을 알려드리려면 해당 연도의 구체적인 음력 달력 정보가 필요합니다. 일반적인 방법으로는 해당 날짜의 음력 변환을 통해 확인해야 합니다. 정확한 답변을 위해서는 추가 정보가 필요합니다.",을사,0,easy
