"# 한국 산/봉 한글명·고도(m)·별칭수(유명도 proxy)·인구. GeoNames KR T/MT,PK (CC-BY). 고도 dem 근사."
name,elev,nalt,pop
가공산,335,4,0
가덕산,1078,4,0
가득봉,1060,5,0
가랑산,306,4,0
가래골된봉,759,4,0
가래산,526,3,0
가령산,624,5,0
가리봉,1519,6,0
가리산,1051,5,0
가리왕산,1562,8,0
가마봉,1191,4,0
가메봉,840,3,0
가봉,462,3,0
가산,901,3,0
가산봉,288,3,0
가섭산,710,10,0
가성산,731,5,0
가야산,1430,4,0
가운데날산,423,3,0
가인봉,624,3,0
가재봉,490,4,0
가제산,664,3,0
가지산,1240,4,0
가창산,820,4,0
가치봉,605,4,0
가칠봉,1240,5,0
가학산,576,4,0
각성산,127,5,0
각시봉,188,3,0
각시산,355,4,0
각호산,1204,4,0
각화산,1181,4,0
각흘봉,809,3,0
각희산,1083,4,0
간대산,470,3,0
간무봉,529,4,0
간월산,1083,3,0
갈기산,685,3,0
갈덕산,764,4,0
갈라산,565,4,0
갈마봉,240,3,0
갈모봉,615,4,0
갈모봉산,342,3,0
갈미봉,1269,3,0
갈방산,678,3,0
갈번데기산,468,5,0
갈봉산,900,5,0
갈비봉,552,3,0
갈선산,557,6,0
갈월산,135,5,0
갈전곡봉,1196,11,0
갈지산,345,4,0
감딘산,257,4,0
감루봉,638,3,0
감바위산,306,4,0
감봉산,465,4,0
감사봉,191,3,0
감악산,963,3,0
감토산,518,4,0
감투봉,687,5,0
갑남산,394,3,0
갑봉,155,4,0
갑산,776,3,0
갑장산,806,4,0
갑하산,468,4,0
갓거리봉,664,3,0
갓모봉,288,5,0
갓바위산,550,6,0
갓봉,317,4,0
갓산,646,3,0
강금봉,173,3,0
강바위산,350,3,0
강선봉,447,3,0
강씨봉,830,4,0
강천산,584,5,0
개동산,846,6,0
개머리산,357,5,0
개명산,548,5,0
개박달산,310,3,0
개이빨산,316,3,0
개인산,1342,4,0
개좌산,418,4,0
개주산,676,4,0
개천산,456,3,0
개화산,118,4,0
객산,276,3,0
갱변산,336,5,0
거류산,571,5,0
거망산,1184,4,0
거먹앞산,302,4,0
거멍산,494,5,0
거무산,553,4,0
거묵바위산,344,5,0
거문산,1175,5,0
거선봉,254,3,0
거저산,483,3,0
거창산,324,4,0
거칠봉,1178,4,0
건달산,336,5,0
건령산,504,9,0
건마산,396,4,0
건무산,319,5,0
건봉산,911,5,0
건암산,944,4,0
건저골산,200,7,0
건지봉,421,4,0
건지산,517,3,0
검단산,657,3,0
검무산,309,3,0
검봉산,686,4,0
검설산,398,7,0
겟세마네기도산,656,3,0
경각산,659,5,0
경수산,444,6,0
계관산,665,4,0
계당산,580,7,0
계룡산,845,6,0
계명봉,575,5,0
계명산,775,9,0
계방산,1577,8,0
계봉,927,3,0
계양산,395,4,0
계족산,890,3,0
계천산,389,3,0
고근산,396,5,0
고남산,780,3,0
고당산,602,3,0
고대산,832,8,0
고덕산,619,5,0
고동산,709,4,0
고등산,600,3,0
고락산,323,3,0
고래산,543,4,0
고려산,436,5,0
고루포기산,1238,5,0
고리산,582,6,0
고봉,404,3,0
고봉산,364,5,0
고비산,418,4,0
고사리봉,389,3,0
고산,875,4,0
고산봉,394,3,0
고성봉,146,3,0
고성산,528,5,0
고수봉,269,4,0
고양봉,217,4,0
고양산,1152,3,0
고왕산,355,6,0
고제봉,313,4,0
고주산,347,4,0
고지봉,235,3,0
고청봉,295,3,0
고추산,204,5,0
고헌산,1033,12,0
고황봉,326,3,0
곡달산,628,3,0
곡사봉,159,3,0
곤덕산,547,6,0
곤모봉,297,3,0
곤봉,596,3,0
곤신봉,1136,4,0
곤천산,1031,5,0
곧은봉,472,3,0
골무산,553,3,0
골미산,490,3,0
골봉산,520,4,0
골짜산,374,6,0
곰봉,1015,5,0
곰산,368,4,0
공고지산,313,3,0
공덕산,863,7,0
공동산,334,3,0
공수봉,337,3,0
공작산,882,8,0
공주봉,501,3,0
곽씨봉,229,3,0
관두봉,129,3,0
관룡산,741,7,0
관모봉,630,4,0
관모산,857,4,0
관봉,826,3,0
관산,560,4,0
관심산,501,3,0
관악산,629,12,0
관암산,527,4,0
관음봉,737,5,0
관음산,733,5,0
관창봉,686,4,0
관함봉,583,4,0
광교산,582,6,0
광대산,328,3,0
광덕산,1045,5,0
광로산,430,3,0
광석산,286,3,0
광여산,720,5,0
광주리산,411,4,0
광춘산,348,11,0
괘관산,1254,5,0
괘령산,869,4,0
괘방산,451,6,0
괘병산,980,4,0
괘일산,469,4,0
괴바위산,457,3,0
괴병산,987,4,0
괴산,592,3,0
교룡산,473,3,0
구곡산,402,4,0
구국재산,302,3,0
구녀산,484,5,0
구담봉,330,3,0
구덕산,561,6,0
구뎅이산,580,3,0
구락산,314,4,0
구룡덕봉,1388,5,0
구룡산,1344,4,0
구리골산,658,3,0
구리봉,547,3,0
구만산,332,4,0
구만이산,183,4,0
구망산,267,3,0
구무산,676,5,0
구병산,877,6,0
구봉대산,1096,4,0
구봉산,1002,10,0
구봉화산,473,7,0
구성산,488,4,0
구수봉,177,3,0
구슬봉,116,3,0
구암산,807,3,0
구왕봉,859,4,0
구왕산,677,3,0
구운산,399,3,0
구월산,306,3,0
구유산,403,6,0
구절봉,422,3,0
구절산,750,5,0
구정봉,678,3,0
구진산,484,4,0
구천봉,410,5,0
구치산,764,4,0
구학산,982,3,0
구현산,579,4,0
구황봉,271,3,0
구황산,471,3,0
국귀봉,344,3,0
국기봉,512,3,0
국망봉,1420,8,0
국망산,770,4,0
국사봉,875,3,0
국수봉,793,4,0
국정봉,244,3,0
국지산,626,3,0
군위봉,152,3,0
군의산,922,4,0
군자봉,264,3,0
군자산,948,3,0
군치산,393,3,0
굴래봉,388,3,0
굴봉,515,4,0
굴봉산,394,4,0
굴암산,632,3,0
귀골산,613,3,0
귀때기청봉,1577,5,0
귀목봉,995,3,0
극정봉,376,3,0
근산,505,4,0
글씨산,431,4,0
금강산,481,8,0
금계산,574,7,0
금귀봉,710,4,0
금귀산,840,4,0
금당산,1173,5,0
금대봉,1418,5,0
금련산,405,5,0
금마봉,435,5,0
금물산,776,4,0
금병산,652,5,0
금봉산,307,4,0
금산,666,5,0
금성산,592,4,0
금수봉,533,5,0
금수산,1016,5,0
금슬봉,114,3,0
금암산,317,5,0
금오산,969,4,0
금왕산,487,5,0
금원산,1353,7,0
금이산,315,4,0
금장산,849,4,0
금적산,652,5,0
금전산,668,12,0
금정산,801,5,0
금주산,569,5,0
금지산,326,3,0
금학산,947,7,0
금화봉,254,5,0
기관산,109,4,0
기대봉,521,4,0
기룡산,961,4,0
기리산,726,3,0
기린봉,306,4,0
기백산,1331,3,0
기산,593,3,0
기양산,706,3,0
기우산,870,3,0
기재산,401,3,0
긴경산,353,5,0
길상산,312,3,0
깃대봉,1062,3,0
깃대산,401,3,0
까끈봉,642,4,0
까마봉,130,6,0
까치봉,727,4,0
까치산,560,4,0
깍은봉,386,5,0
꺼먼제산,400,4,0
꼬깔봉,420,3,0
꼬침봉,392,3,0
꼴대봉,148,3,0
꽃봉,531,4,0
꽃자봉,236,3,0
꾀꼬리봉,548,3,0
끝청봉,1587,4,0
나래산,517,3,0
나리봉,823,3,0
나부산,306,3,0
나북산,303,3,0
나산,627,3,0
나팔봉,693,4,0
나한봉,1254,3,0
낙영산,740,3,0
낙조봉,313,5,0
난함산,733,4,0
날구봉,105,3,0
남각산,317,5,0
남군자산,836,3,0
남당산,354,4,0
남대봉,1180,7,0
남덕유산,1507,9,0
남병산,1151,11,0
남산,1098,3,0
남산봉,344,3,0
남산제일봉,1025,3,0
남송악,333,4,0
남수산,438,3,0
남암산,543,3,0
남전산,942,4,0
남한산,460,3,0
내남산,651,3,0
내동산,887,3,0
내상산,388,3,0
내연산,710,5,0
내장산,763,6,0
내중산,636,3,0
냉산,324,3,0
너름산,403,4,0
너치레산,437,3,0
노간봉,660,3,0
노강산,301,3,0
노고봉,578,3,0
노고산,551,3,0
노구산,303,3,0
노기산,480,3,0
노래산,796,3,0
노루목이산,280,3,0
노루봉,312,3,0
노목산,1148,3,0
노산,540,3,0
노산봉,533,3,0
노상산,337,3,0
노성산,514,5,0
노승봉,339,6,0
노아산,337,3,0
노음산,725,5,0
노인봉,1338,7,0
노인산,383,3,0
노적봉,859,7,0
노전봉,571,4,0
노족봉,537,3,0
노추산,1322,4,0
노학봉,225,4,0
녹대산,378,3,0
녹두봉,891,4,0
녹하지악,624,4,0
농바위산,332,3,0
눌의산,742,7,0
능경봉,1123,13,0
능곡산,547,3,0
능동산,966,3,0
능암덕산,805,4,0
능천산,345,3,0
다남산,378,4,0
다락산,1019,3,0
다랑골산,399,3,0
다래산,695,3,0
다봉산,391,3,0
다불산,319,3,0
단산,914,4,0
단석산,827,5,0
단지봉,1326,6,0
달갈봉,294,3,0
달걀봉,200,3,0
달기봉,356,3,0
달등이산,374,3,0
달마봉,678,4,0
달마산,498,5,0
달마중봉,634,3,0
달바위봉,1073,3,0
달봉산,390,3,0
달음산,539,5,0
달이산,517,3,0
닭계산,413,3,0
닭모이산,152,3,0
닭봉,712,3,0
닭이봉,491,3,0
당납산,359,3,0
당두산,497,4,0
당중산,607,3,0
대가산,446,3,0
대각산,508,3,0
대곡산,525,5,0
대구청산,348,3,0
대궁산,975,3,0
대금산,706,5,0
대기봉,484,3,0
대니산,408,7,0
대당산,383,3,0
대덕봉,477,5,0
대덕산,1307,5,0
대두산,459,4,0
대둔산,895,3,0
대득봉,596,5,0
대람산,391,4,0
대령산,652,4,0
대록산,475,4,0
대룡산,899,5,0
대림산,467,4,0
대미산,1231,4,0
대방산,378,4,0
대밭골산,365,3,0
대봉,254,4,0
대봉산,343,3,0
대부산,744,3,0
대비앞산,398,3,0
대산,648,4,0
대산지산,295,3,0
대선봉,1166,4,0
대성산,1175,5,0
대성석산,223,5,0
대암산,1304,11,0
대야산,931,3,0
대왕산,594,3,0
대우산,1178,4,0
대운산,742,4,0
대의산,675,4,0
대일봉,110,3,0
대조봉,1135,3,0
대청봉,1663,5,0
대포리봉,221,3,0
대학봉,173,3,0
대학산,876,3,0
대화실산,1010,3,0
대흥산,289,3,0
댐된봉,319,3,0
덕가산,850,7,0
덕갈봉,462,4,0
덕갈산,668,4,0
덕고산,703,5,0
덕기봉,541,4,0
덕대산,811,5,0
덕두산,1071,5,0
덕령산,350,7,0
덕룡산,343,7,0
덕봉,148,3,0
덕봉산,473,5,0
덕새산,748,5,0
덕성봉,310,5,0
덕성산,586,4,0
덕수산,999,4,0
덕신산,389,8,0
덕어산,662,4,0
덕용산,416,6,0
덕우산,1008,4,0
덕운봉,983,5,0
덕유산,1611,5,0
덕음봉,237,3,0
덕음산,393,3,0
덕재산,484,5,0
덕치봉,204,3,0
덕태산,1113,7,0
덕항산,1071,7,0
덥원양지산,177,4,0
도갑산,404,4,0
도고산,486,4,0
도관산,308,4,0
도담삼봉,136,4,0
도덕봉,544,8,0
도덕산,703,4,0
도독배산,254,4,0
도두물재산,258,4,0
도락산,440,4,0
도로봉,827,3,0
도름산,813,4,0
도리곱봉,129,3,0
도리봉,273,4,0
도마치봉,859,3,0
도마치산,722,4,0
도매기잔등이산,358,6,0
도명산,642,3,0
도봉산,717,4,0
도비산,358,7,0
도산봉,135,3,0
도성산,1044,4,0
도솔봉,419,4,0
도심봉,138,3,0
도음산,385,5,0
도일봉,862,4,0
도장골산,515,3,0
도장봉,432,3,0
도제봉,139,3,0
도지봉,402,3,0
도집봉,687,3,0
도화동산,830,4,0
도화산,932,3,0
독갑수산,330,4,0
독경산,683,4,0
독계봉,235,3,0
독골산,387,4,0
독금산,385,5,0
독수리봉,363,4,0
독순봉,294,4,0
독왕산,955,5,0
독재봉,315,3,0
독점산,294,3,0
독조봉,410,4,0
돈너미산,769,4,0
돌시산,356,4,0
동구레봉,144,4,0
동구지산,656,4,0
동그레봉,254,3,0
동달산,395,4,0
동대산,1434,3,0
동림산,457,4,0
동막산,731,4,0
동산,896,4,0
동성산,123,7,0
동소산,464,4,0
동신어산,423,3,0
동제봉,330,3,0
동학산,561,3,0
돛대산,403,3,0
되실봉,609,3,0
된봉,289,3,0
된음달산,171,5,0
두로봉,1422,6,0
두루봉,1225,3,0
두류봉,477,3,0
두류산,993,4,0
두름산,469,3,0
두릉산,581,4,0
두리봉,1113,3,0
두만산,510,3,0
두문산,1051,3,0
두방산,489,4,0
두봉산,630,5,0
두솔산,1148,4,0
두승산,444,5,0
두알봉,449,4,0
두앙산,1038,4,0
두억봉,520,5,0
두위봉,1472,8,0
두음산,629,4,0
두치산,853,4,0
두타산,1353,11,0
둔덕산,970,5,0
둔주봉,380,4,0
둔지산,382,3,0
둥굴봉,1147,4,0
둥둥산,406,3,0
둥지리봉,310,3,0
뒤맷산,313,3,0
뒷동산,342,4,0
뒷산,295,4,0
들어지봉,102,3,0
듬산,410,4,0
등계산,604,3,0
등곡산,531,3,0
등골산,866,3,0
등산,317,3,0
등운산,767,6,0
등잔봉,319,3,0
등잔산,404,4,0
등학산,579,3,0
딱바위산,356,4,0
떡갈봉,478,3,0
뚜꺼비봉,231,3,0
뚜껑봉,346,3,0
럭키산,609,4,0
륵두산,568,4,0
마감산,382,3,0
마경산,374,8,0
마고산,401,3,0
마국산,445,3,0
마날봉,208,3,0
마늘봉,337,3,0
마늘산,292,3,0
마니산,640,4,0
마당재산,661,3,0
마대산,1052,4,0
마두산,418,3,0
마등산,428,4,0
마래산,361,3,0
마룡산,407,3,0
마미산,601,3,0
마병산,493,3,0
마복산,539,4,0
마봉,395,3,0
마봉산,724,3,0
마분봉,735,3,0
마산,353,3,0
마산봉,1052,8,0
마상봉,134,3,0
마석산,514,3,0
마성산,514,5,0
마안산,508,3,0
마암산,341,4,0
마오산,178,3,0
마이산,678,3,0
마적산,610,9,0
마집봉,450,3,0
마차산,587,5,0
마치산,353,5,0
마향산,730,3,0
막기항산,998,4,0
막장봉,868,3,0
만경산,498,4,0
만고산,854,4,0
만과봉,641,3,0
만대산,690,3,0
만덕봉,1033,4,0
만덕산,762,5,0
만석산,471,3,0
만수산,465,3,0
만연산,619,3,0
만월봉,1281,5,0
만월산,628,5,0
만인산,537,3,0
만지산,715,3,0
만호봉,487,3,0
말동산,310,3,0
말봉,318,3,0
말봉산,596,3,0
망견봉,348,7,0
망경대산,1088,4,0
망경산,600,5,0
망기봉,755,3,0
망기산,313,3,0
망대봉,773,10,0
망대산,1136,3,0
망대암산,1248,3,0
망덕봉,781,4,0
망덕산,873,4,0
망령산,404,5,0
망무봉,228,3,0
망봉,1046,3,0
망봉산,307,3,0
망산,379,3,0
망상봉,117,3,0
망설봉,620,4,0
망신산,343,6,0
망원봉,231,3,0
망월봉,224,4,0
망월산,521,3,0
망이산,431,3,0
망일봉,651,3,0
망일산,621,3,0
망재산,208,3,0
망전산,397,5,0
망제봉,217,3,0
망주산,349,3,0
망지봉,1210,3,0
망탑봉,244,5,0
망해봉,636,3,0
매곡산,501,3,0
매밀봉,299,3,0
매방재산,781,3,0
매방채산,377,6,0
매복산,1359,9,0
매봉,1436,6,0
매봉산,1275,5,0
매암산,431,5,0
매재봉,189,3,0
매화산,1083,3,0
맷골산,483,3,0
맹자산,577,3,0
맹현봉,1214,5,0
머리봉,696,3,0
먹방산,611,4,0
먹봉,448,3,0
먹산,460,5,0
멍애산,949,4,0
메론산,420,3,0
면산,1246,9,0
면화산,380,4,0
명당산,749,5,0
명덕봉,846,4,0
명덕산,325,4,0
명도봉,869,4,0
명마산,471,3,0
명막산,331,5,0
명봉산,598,9,0
명성산,923,9,0
명우산,351,3,0
명지봉,386,3,0
명지산,1252,5,0
모라이악,501,4,0
모라치산,303,5,0
모락산,386,4,0
모래봉,377,3,0
모봉,150,3,0
모악산,793,3,0
모후산,919,7,0
목은봉,110,3,0
못봉,1302,5,0
못산,313,3,0
몽덕산,694,5,0
뫼봉,179,3,0
묘봉,1168,3,0
묘봉산,500,3,0
무갑산,582,3,0
무동산,632,3,0
무등산,1187,8,0
무량산,581,3,0
무룡산,452,3,0
무봉산,351,3,0
무쇠봉,371,3,0
무어산,461,4,0
무용산,1492,3,0
무월봉,610,4,0
무이산,540,3,0
무장봉,592,3,0
무재봉,114,3,0
무제봉,544,3,0
무제산,573,5,0
무좌골산,474,3,0
무태산,216,5,0
무포산,717,4,0
무학산,574,3,0
묵방산,512,3,0
묵봉산,486,3,0
묵산,393,3,0
문내산,1063,4,0
문복산,1013,3,0
문봉산,601,3,0
문수봉,1518,6,0
문수산,1206,5,0
문안산,533,3,0
문암봉,590,5,0
문암산,1149,3,0
문유산,666,3,0
문전산,338,4,0
문필봉,739,4,0
문형산,498,5,0
물때기산,634,3,0
물래봉,496,3,0
물안산,401,3,0
물퇴봉,193,3,0
미궐산,369,5,0
미동산,557,3,0
미륵봉,163,3,0
미륵산,903,4,0
미모산,456,3,0
미봉,245,3,0
미숭산,760,3,0
미암산,326,3,0
미역산,166,5,0
미타산,662,4,0
민둔산,974,3,0
민둥산,1096,3,0
민봉,1346,3,0
민산,390,3,0
민주지산,1242,6,0
바가프미산,332,5,0
바골산,123,4,0
바구미산,348,3,0
바데산,645,4,0
바라산,428,4,0
바랑산,796,3,0
바래봉,1165,3,0
바리봉,341,3,0
바위산,858,4,0
박달봉,810,3,0
박달산,560,3,0
박산,424,3,0
박삼봉,374,4,0
박월산,117,5,0
박유산,712,3,0
박이뫼산,313,3,0
박지산,1391,3,0
반논산,1068,3,0
반섬산,294,3,0
발교산,995,3,0
발군산,372,3,0
발룡산,422,4,0
발림봉,101,3,0
발산,675,3,0
발왕산,1458,5,0
발이산,514,4,0
방광산,519,3,0
방문산,606,3,0
방미산,569,6,0
방산,656,3,0
방어산,530,4,0
방장산,743,6,0
방태산,1436,10,0
방화봉,556,4,0
배각산,858,6,0
배거리산,725,4,0
배나무산,792,3,0
배미산,517,3,0
배바위산,968,3,0
배방산,334,3,0
배산,821,3,0
배읍봉,313,3,0
배재산,339,3,0
배하산,806,3,0
백골산,295,3,0
백덕산,1350,6,0
백두산,322,4,0
백련봉,235,5,0
백련산,649,7,0
백록봉,452,4,0
백룡산,400,4,0
백마봉,1094,3,0
백마산,716,3,0
백방산,647,3,0
백병산,1259,4,0
백봉산,590,3,0
백석봉,1238,5,0
백석산,1365,4,0
백암산,1179,13,0
백양산,642,4,0
백연봉,801,3,0
백우산,895,4,0
백운봉,941,4,0
백운산,1426,3,0
백월산,559,7,0
백은산,904,4,0
백이산,971,3,0
백일봉,187,3,0
백자봉,344,3,0
백자산,459,4,0
백적산,1141,4,0
백정산,412,5,0
백족산,402,4,0
백하산,634,4,0
백학봉,626,3,0
백학산,617,3,0
백호봉,110,3,0
백화봉,368,4,0
백화산,1063,4,0
밸미산,396,3,0
벌동산,428,3,0
벌명당산,340,4,0
벌통뱅이산,460,4,0
벌통봉,181,3,0
범넝굴봉,294,3,0
범바위산,283,5,0
범재봉,108,3,0
법니산,332,5,0
법산,459,6,0
법화산,697,8,0
베틀봉,934,6,0
베틀산,437,4,0
벼락바위산,814,4,0
벼락산,140,5,0
벽도산,375,3,0
벽방산,663,7,0
벽암산,923,4,0
벽옥산,479,8,0
벽학산,331,4,0
별립산,399,7,0
별뫼산,464,7,0
별악봉,167,6,0
별학산,314,4,0
병두산,989,5,0
병목산,328,3,0
병무산,920,4,0
병방산,860,4,0
병봉산,659,3,0
병악,492,5,0
병암산,330,4,0
병풍산,822,6,0
보갑산,302,3,0
보개산,347,4,0
보금산,368,5,0
보납산,411,3,0
보련산,765,5,0
보록산,661,3,0
보문산,616,3,0
보배산,759,10,0
보산,281,3,0
보잠산,439,3,0
보장산,540,3,0
보해산,912,3,0
보현봉,663,3,0
보현산,831,4,0
복계산,1054,8,0
복두봉,1018,3,0
복두산,978,3,0
복주산,1054,4,0
본적산,856,4,0
볼두산,428,3,0
봉대산,654,4,0
봉동산,484,4,0
봉두산,539,3,0
봉래산,800,3,0
봉림산,540,3,0
봉명산,671,5,0
봉미산,856,3,0
봉복산,1022,4,0
봉산,902,3,0
봉서산,333,3,0
봉성산,119,5,0
봉수대산,583,4,0
봉수산,544,4,0
봉실산,372,3,0
봉알산,377,3,0
봉암산,468,4,0
봉의산,326,5,0
봉정산,411,5,0
봉천산,320,3,0
봉화봉,637,3,0
봉화산,919,4,0
봉황산,863,4,0
부곡산,423,4,0
부귀산,806,6,0
부대산,612,3,0
부릉산,332,3,0
부소봉,1546,3,0
부수봉,331,3,0
부아산,404,4,0
부암산,243,3,0
부엉산,314,5,0
부용봉,654,3,0
부용산,882,4,0
부흥봉,168,5,0
북두산,685,3,0
북배산,867,4,0
북산,365,3,0
북악산,342,3,0
북한산,836,5,0
분골산,283,5,0
분적산,353,5,0
불갑산,517,8,0
불곡산,335,5,0
불광산,323,3,0
불국산,366,4,0
불금봉,499,5,0
불기산,601,4,0
불당골산,435,4,0
불당산,654,4,0
불로봉,441,3,0
불모산,802,4,0
불목산,212,4,0
불무산,627,3,0
불송골봉,672,3,0
불암산,508,4,0
불태산,575,5,0
비계산,1126,4,0
비난봉,111,3,0
비네봉,180,3,0
비녀바위산,676,4,0
비단산,353,4,0
비로봉,1563,3,0
비룡봉,460,3,0
비룡산,1129,4,0
비봉,529,4,0
비봉산,842,3,0
비산,693,3,0
비선봉,188,3,0
비슬산,1084,13,0
비음산,462,3,0
비조봉,636,6,0
비조산,277,3,0
비파산,400,6,0
비학산,762,3,0
비현산,362,4,0
비호봉,329,4,0
빈계산,414,5,0
빌미산,352,3,0
빼족산,139,3,0
뽀루봉,710,3,0
사계봉,322,3,0
사금내산,267,5,0
사금산,1081,4,0
사남산,881,3,0
사달산,1170,3,0
사대산,904,6,0
사두봉,1015,3,0
사룡산,685,3,0
사루봉,348,3,0
사리봉,371,3,0
사리산,425,3,0
사마산,308,3,0
사명산,1198,5,0
사무산,465,3,0
사봉,868,4,0
사삼봉,1107,3,0
사실터고개산,262,5,0
사왈산,643,3,0
사월봉,379,4,0
사자봉,570,3,0
사자산,1154,4,0
사재산,1284,3,0
사직봉,148,3,0
사태봉,281,3,0
사투봉,150,3,0
사향산,716,3,0
산머리곡산,1018,5,0
산박골산,356,4,0
산발봉,209,3,0
산봉,114,3,0
산성산,603,5,0
산신산,377,3,0
산태봉,358,3,0
살목산,406,3,0
삼각봉,1678,3,0
삼각산,538,3,0
삼계봉,479,3,0
삼내산,389,3,0
삼도봉,1177,3,0
삼동산,1178,3,0
삼마산,317,3,0
삼막봉,237,6,0
삼망산,288,3,0
삼문산,356,3,0
삼박봉,297,3,0
삼방산,1175,3,0
삼봉,1073,3,0
삼봉산,1254,6,0
삼불봉,730,3,0
삼산,278,3,0
삼산봉,500,3,0
삼상산,110,3,0
삼성산,668,5,0
삼승산,574,5,0
삼악산,654,3,0
삼암봉,410,3,0
삼예봉,331,3,0
삼인산,548,3,0
삼정산,1225,3,0
삼준산,490,3,0
삼천봉,816,5,0
삼태봉,655,3,0
삼태산,876,5,0
삼투봉,299,4,0
삼필봉,408,3,0
삼형제봉,1233,5,0
삿갓봉,1172,4,0
상단산,634,3,0
상동산,568,3,0
상두산,575,3,0
상목산,403,3,0
상봉,1210,3,0
상봉산,443,3,0
상산,853,3,0
상서산,627,5,0
상왕봉,1493,3,0
상왕산,309,3,0
상원산,1421,4,0
상월봉,1350,6,0
상월산,970,4,0
상은봉,360,3,0
상은적산,367,7,0
상인대산,342,3,0
상장봉,546,3,0
상좌봉,475,3,0
상투봉,393,3,0
상황봉,644,3,0
새가산,349,3,0
새귀양지산,668,3,0
새기미산,508,3,0
새덕산,741,4,0
새말봉,294,3,0
새매봉,157,3,0
새벽뜨기산,553,4,0
새봉,1059,3,0
새암산,556,3,0
새인봉,461,3,0
새주봉,376,3,0
새치궁산,285,3,0
샘봉산,462,3,0
샛갯산,688,3,0
생금산,489,3,0
생매봉,431,6,0
서귀봉,562,3,0
서기산,511,6,0
서남봉,194,5,0
서낭당산,194,5,0
서담골봉,822,3,0
서대산,612,4,0
서돌산,309,5,0
서득봉,1053,4,0
서들산,317,5,0
서래봉,1052,3,0
서리산,832,6,0
서림미산,424,4,0
서림산,333,3,0
서밭산,257,3,0
서북산,739,5,0
서산,509,4,0
서완산,473,4,0
서운동산,342,5,0
서운산,547,9,0
서원봉,353,6,0
서이산,272,5,0
서진산,742,5,0
서화산,493,4,0
석교산,385,3,0
석기봉,1242,5,0
석기산,868,6,0
석두봉,971,4,0
석두산,764,4,0
석룡산,1150,7,0
석문봉,654,4,0
석병산,1055,7,0
석봉,457,5,0
석성산,471,5,0
석이암산,970,4,0
석태산,262,3,0
석호산,425,5,0
선각산,1142,5,0
선갑산,299,6,0
선구산,456,4,0
선녀봉,666,4,0
선달산,1236,9,0
선도산,547,5,0
선봉,694,4,0
선야봉,759,4,0
선왕산,439,3,0
선유산,418,4,0
선의산,756,5,0
선인무모봉,191,3,0
선점산,869,8,0
설귀산,503,4,0
설봉산,393,5,0
설악산,1708,13,0
설안재봉,572,5,0
설운산,575,3,0
설화산,413,3,0
설흘산,488,3,0
성덕봉,528,4,0
성령산,303,4,0
성뫼산,366,3,0
성미산,587,3,0
성봉,804,3,0
성봉산,572,4,0
성부산,284,3,0
성불산,747,3,0
성산,529,3,0
성상봉,358,5,0
성수산,1039,6,0
성안산,838,4,0
성암산,554,4,0
성옥산,389,5,0
성인봉,984,18,0
성재봉,514,5,0
성재산,556,7,0
성적산,206,3,0
성제산,471,7,0
성주고령토광산,303,4,0
성주봉,612,5,0
성주산,698,3,0
성지봉,787,4,0
성지산,992,4,0
성치산,670,4,0
성태봉,113,3,0
성태산,631,5,0
성토봉,158,3,0
성화산,117,5,0
세번지산,572,4,0
세봉,345,5,0
세성산,202,3,0
세자봉,673,3,0
세존봉,1281,3,0
소계방산,1490,4,0
소곡산,480,3,0
소구니산,781,3,0
소금강산,653,4,0
소달산,357,3,0
소대기산,221,3,0
소대산,1158,3,0
소덕봉,264,5,0
소덕태산,762,6,0
소두랑봉,423,3,0
소록산,442,3,0
소룡봉,381,3,0
소룡산,761,3,0
소리봉,229,3,0
소리산,480,6,0
소말산,606,3,0
소머리산,447,4,0
소물산,418,3,0
소반바위산,495,3,0
소백산,1439,8,0
소붓골산,429,3,0
소뿔산,1121,3,0
소사봉,309,3,0
소산,588,6,0
소살봉,114,3,0
소속리산,414,3,0
소시랑봉,237,3,0
소알미산,428,3,0
소요산,526,3,0
소용산,520,5,0
소청봉,1552,5,0
소쿠리봉,231,3,0
소태봉,152,3,0
소학산,489,6,0
소황병산,1329,4,0
속금산,907,5,0
속봉,466,3,0
솔무산,315,3,0
솔미산,578,3,0
솔태봉,295,3,0
솟구리봉,191,3,0
솟때봉,882,3,0
송계산,504,3,0
송곡대산,588,6,0
송낙봉,889,3,0
송대봉,420,3,0
송라산,492,3,0
송락봉,186,4,0
송림산,306,3,0
송암산,767,3,0
송이봉,225,3,0
송이산,807,3,0
송토산,512,4,0
송학산,819,5,0
솥발산,276,3,0
쇠말봉,364,3,0
쇠바위봉,559,3,0
쇠뿔봉,557,3,0
쇠치봉,329,4,0
수덕봉,181,3,0
수덕산,794,5,0
수도산,1317,3,0
수락산,638,3,0
수래봉,406,3,0
수레의산,679,12,0
수련산,541,7,0
수로봉,506,3,0
수름산,553,5,0
수릉재봉,209,3,0
수리배산,337,3,0
수리봉,1057,3,0
수리산,475,3,0
수만산,321,3,0
수병산,1202,4,0
수복산,592,6,0
수봉산,398,3,0
수불무산,687,7,0
수산봉,108,3,0
수석봉,821,4,0
수선산,684,4,0
수속산,870,5,0
수암산,411,3,0
수양산,420,3,0
수영봉,250,3,0
수원산,710,5,0
수이봉,372,3,0
수인산,561,3,0
수장산,556,3,0
수정봉,792,3,0
수정산,279,5,0
수타리봉,111,3,0
수태봉,223,3,0
숙굴봉,188,3,0
숙성산,899,4,0
숙승봉,462,5,0
순산봉,251,3,0
숫개봉,475,3,0
숫돌봉,1327,4,0
숫산,320,3,0
숲뒤산,1061,3,0
쉰음산,686,4,0
슬음산,635,3,0
승기봉,527,3,0
승달산,302,7,0
승대산,566,5,0
승리봉,696,4,0
승안산,309,4,0
승주봉,324,4,0
승치산,310,5,0
승학산,461,5,0
시궁산,514,3,0
시랑산,691,3,0
시래봉,101,3,0
시루봉,1105,3,0
시루봉산,439,3,0
시루산,685,3,0
시리봉,753,3,0
시리산,393,3,0
시선봉,897,4,0
식산,500,3,0
식장산,598,5,0
신걸산,343,3,0
신달이산,443,3,0
신무산,897,3,0
신방터산,589,3,0
신병산,687,4,0
신불산,1208,6,0
신산,435,3,0
신산봉,450,3,0
신선봉,1363,3,0
신암산,334,3,0
신흥뒷산,542,4,0
심뫼봉,197,3,0
심학산,180,3,0
십자봉,983,5,0
싱개봉,616,3,0
쌀개봉,829,3,0
쌍교산,470,3,0
쌍령산,378,8,0
쌍선봉,459,5,0
쌍수산,382,3,0
써리바구산,178,3,0
쑥굿봉,419,3,0
아가봉,519,3,0
아구산,653,3,0
아기산,574,3,0
아남농산,302,3,0
아미산,961,3,0
아박산,679,3,0
아차산,424,4,0
아홉산,326,3,0
악강산,634,7,0
악휘봉,940,3,0
안골산,295,5,0
안구만이산,148,5,0
안국산,344,4,0
안두루봉,385,3,0
안락산,378,3,0
안마산,303,3,0
안면산,597,4,0
안산,1430,4,0
안수산,554,3,0
안심산,319,3,0
안암산,507,3,0
안양산,838,3,0
안장산,315,3,0
안칭골산,284,5,0
안태봉,132,3,0
안평산,470,5,0
안항산,359,3,0
알미봉,400,3,0
알봉,538,3,0
암마이봉,678,3,0
암산,1153,3,0
압산,490,3,0
앙달치봉,143,3,0
앞산,660,5,0
애기봉,431,3,0
애기암봉,725,3,0
애미산,605,3,0
앵무봉,621,3,0
앵무산,300,3,0
앵봉산,281,3,0
앵자봉,670,3,0
야미산,505,3,0
야반산,329,3,0
야월산,471,3,0
야정봉,339,3,0
약담봉,392,3,0
약사봉,296,3,0
약사산,415,3,0
약산,582,3,0
약수산,1306,3,0
얄미봉,141,3,0
양각산,1157,4,0
양개봉,473,3,0
양달산,255,3,0
양산,380,3,0
양암봉,465,3,0
양자산,709,3,0
어각산,679,4,0
어답산,787,5,0
어래산,1064,5,0
어룡산,597,3,0
어류산,446,5,0
어류숫산,325,5,0
어성산,399,4,0
어종텃골앞산,316,5,0
어태산,494,4,0
억불봉,985,3,0
억불산,518,6,0
엄광산,488,3,0
엄산,329,3,0
여귀산,416,12,0
여분산,774,4,0
여시골산,668,5,0
여우봉,211,3,0
여의산,579,5,0
여항산,770,5,0
연대봉,459,11,0
연봉,249,5,0
연봉산,812,3,0
연석산,928,5,0
연수봉,352,3,0
연실봉,585,4,0
연암산,442,4,0
연엽산,850,9,0
연인산,1068,7,0
연자봉,647,3,0
연지봉,644,3,0
연천봉,760,5,0
연태봉,392,3,0
연화봉,1363,3,0
연화산,1171,4,0
열왕산,662,4,0
염렴연봉산,691,4,0
염장봉,677,4,0
염통산,426,4,0
영광산,935,4,0
영구산,802,4,0
영대산,666,7,0
영등산,507,6,0
영마봉,164,3,0
영마산,308,7,0
영봉,454,3,0
영봉산,395,4,0
영암산,763,6,0
영인산,363,4,0
영지산,489,3,0
영취산,739,6,0
영현봉,522,3,0
예덕산,395,5,0
예미산,989,8,0
예봉산,683,6,0
오갑산,609,3,0
오노산,520,3,0
오대산,1532,11,0
오도산,1134,7,0
오동산,333,3,0
오두봉,555,3,0
오두산,796,3,0
오로봉,332,3,0
오룡산,356,3,0
오무산,358,2,0
오뭇산,330,3,0
오미산,1072,3,0
오봉산,779,3,0
오서산,791,5,0
오선봉,345,3,0
오성산,591,3,0
오십봉,827,3,0
오음봉,446,4,0
오음산,930,4,0
오장산,308,3,0
오정산,745,3,0
오청산,653,4,0
오태산,349,4,0
오토산,471,5,0
옥갑산,1302,3,0
옥교산,538,3,0
옥난간산,496,4,0
옥녀봉,962,5,0
옥녀산,381,4,0
옥달봉,250,3,0
옥돌봉,1241,4,0
옥마산,601,3,0
옥봉산,523,3,0
옥산,313,3,0
옥수봉,325,3,0
옥순봉,286,3,0
옥양봉,606,3,0
옥천봉,176,3,0
옥풍산,311,3,0
온수산,381,3,0
옹강산,812,3,0
와곡산,577,3,0
와룡산,799,3,0
완태산,916,6,0
왕두산,1044,3,0
왕래산,316,3,0
왕령산,425,4,0
왕박산,598,3,0
왕방산,736,8,0
왕복재산,474,3,0
왕사봉,718,3,0
왕산,243,3,0
왕의산,321,3,0
왕자산,444,3,0
왕재봉,361,3,0
왕재산,997,3,0
왕치산,902,4,0
왕터산,401,5,0
외곡산,304,3,0
외봉,331,3,0
용각산,664,3,0
용계산,607,3,0
용골봉,348,3,0
용골산,613,3,0
용구산,461,3,0
용굴산,415,3,0
용달산,365,3,0
용두봉,501,3,0
용두산,871,3,0
용리산,295,3,0
용마봉,1047,3,0
용문산,1157,9,0
용바위산,898,3,0
용봉,437,3,0
용봉산,381,4,0
용산,1027,3,0
용산봉,944,3,0
용소봉,328,3,0
용수봉,152,3,0
용암산,507,3,0
용인봉,763,3,0
용점산,313,3,0
용제산,147,3,0
용지봉,724,5,0
용진산,349,3,0
용천산,504,3,0
용추봉,557,3,0
용화산,867,8,0
우각봉,161,3,0
우각산,345,3,0
우금산,286,6,0
우두봉,415,3,0
우두산,489,4,0
우락산,765,3,0
우면산,313,5,0
우미산,714,3,0
우봉산,491,3,0
우산,418,3,0
우산봉,574,6,0
우암산,338,5,0
우이봉,170,3,0
우재산,407,3,0
우정봉,905,3,0
우제봉,277,3,0
운거산,293,3,0
운계봉,531,4,0
운골산,396,4,0
운교산,922,7,0
운길산,606,3,0
운남산,377,3,0
운달산,1097,3,0
운동산,457,3,0
운류산,101,6,0
운리산,799,3,0
운무산,979,6,0
운봉산,815,3,0
운서산,520,4,0
운수봉,409,3,0
운악산,936,9,0
운암산,605,3,0
운월산,634,3,0
운장산,1126,12,0
운제산,481,5,0
운주산,806,3,0
울련산,939,6,0
울미산,451,3,0
울영산,336,4,0
웅방산,294,3,0
웅봉,319,3,0
웅산,670,3,0
웅주봉,302,3,0
원당산,319,4,0
원대울산,308,4,0
원등산,713,4,0
원산,344,4,0
원석산,556,4,0
원수봉,395,3,0
원수악,458,5,0
원적봉,942,3,0
원적산,560,5,0
원차산,153,3,0
원통봉,660,3,0
원통산,653,5,0
원효봉,604,8,0
원효산,922,11,0
월각산,427,5,0
월경산,980,5,0
월두봉,458,5,0
월랑산,426,3,0
월류봉,401,5,0
월류산,342,4,0
월매산,1023,5,0
월명봉,697,5,0
월명산,544,7,0
월방산,327,5,0
월봉산,1279,4,0
월산,420,5,0
월선봉,204,3,0
월성봉,608,5,0
월성산,125,3,0
월암산,318,3,0
월여산,863,4,0
월영봉,529,4,0
월이산,551,5,0
월정봉,247,3,0
월출산,809,14,0
월하산,424,5,0
월현산,615,4,0
위봉,530,5,0
위봉산,525,3,0
유릉산,289,3,0
유리봉,1104,3,0
유명산,864,7,0
유치산,509,3,0
유호봉,146,3,0
육녀봉,241,3,0
육백발십일봉,662,3,0
육백산,1158,3,0
은내봉,452,5,0
은대봉,1433,4,0
은두목산,678,6,0
은봉산,427,3,0
을궁산,394,5,0
응곡산,604,4,0
응복산,1108,4,0
응봉,741,3,0
응봉산,1303,4,0
응주봉,336,4,0
응해산,489,3,0
의봉산,557,5,0
의상봉,1035,4,0
의용산,486,4,0
이만봉,989,3,0
이바위산,302,4,0
이상봉,1046,4,0
이슬봉,454,5,0
이영산,329,5,0
이중산,402,3,0
이진봉,204,3,0
이팔봉,221,3,0
익산봉,136,3,0
인경산,559,3,0
인대산,659,3,0
인덕산,646,6,0
인등산,666,5,0
인릉산,327,5,0
인성산,648,5,0
인수봉,717,3,0
인왕산,338,8,0
인주봉,123,3,0
일광산,347,3,0
일당산,541,4,0
일락산,522,3,0
일림산,627,3,0
일봉산,385,3,0
일산,1190,7,0
일산봉,625,3,0
일성산,308,9,0
일영봉,444,5,0
일월봉,160,5,0
일월산,1219,7,0
일자봉,396,3,0
일척봉,126,3,0
일출봉,131,4,0
일치봉,116,3,0
임봉산,682,3,0
임산,418,3,0
임오산,340,6,0
입봉,637,4,0
입암산,623,3,0
자개봉,836,4,0
자경산,503,4,0
자덕산,1250,4,0
자등산,314,5,0
자라봉,304,3,0
자리봉,233,3,0
자배봉,211,6,0
자병산,872,4,0
자산,338,3,0
자시봉,236,3,0
자양산,402,3,0
자옥산,567,3,0
자운산,684,3,0
자주봉,889,3,0
자주봉산,439,7,0
자지봉,480,3,0
자지산,389,4,0
자후산,1068,3,0
작봉,135,3,0
작봉산,418,4,0
작성산,848,5,0
작약봉,731,3,0
작은감투봉,912,3,0
작은까치봉,711,8,0
작은덕산,556,5,0
작은뻬롱산,334,4,0
작은점봉산,1266,4,0
잔미산,417,4,0
잘산봉,147,3,0
잠두산,1243,6,0
장검산,352,3,0
장고봉,748,4,0
장구봉,160,3,0
장군봉,1561,3,0
장군산,847,4,0
장근봉,314,3,0
장대봉,416,3,0
장도봉,202,7,0
장등산,464,4,0
장룡산,658,7,0
장륙산,665,3,0
장릉산,135,5,0
장미산,980,3,0
장백산,433,3,0
장병산,911,4,0
장봉산,282,3,0
장산,1409,4,0
장산봉,225,8,0
장성봉,916,7,0
장수봉,853,3,0
장안산,1237,4,0
장암산,836,3,0
장원봉,370,5,0
장자봉,421,3,0
장재봉,550,4,0
장재산,516,3,0
장지르내미산,202,5,0
장포산,339,5,0
장학산,318,3,0
재건산,279,3,0
재산,548,3,0
재안산,1074,4,0
재약산,1108,3,0
재주봉,328,3,0
재치산,752,4,0
잰봉,326,3,0
저명산,106,5,0
적갑산,537,3,0
적근산,1073,5,0
적대봉,592,6,0
적상산,1029,4,0
적석산,498,4,0
적자봉,435,9,0
전봉산,346,3,0
절개산,876,4,0
절골산,330,4,0
점봉산,1424,5,0
접산,825,4,0
접성산,374,4,0
정각산,314,3,0
정개산,849,4,0
정계봉,297,3,0
정광산,522,5,0
정금산,478,4,0
정산,464,5,0
정암산,403,3,0
정족산,869,5,0
정토산,350,5,0
정혜산,355,5,0
제공안산,367,3,0
제내편봉,289,4,0
제비봉,710,3,0
제비산,890,3,0
제산봉,853,4,0
제석산,563,10,0
제암산,810,4,0
제왕산,841,4,0
제일연화봉,1382,10,0
제전봉,137,3,0
제차봉,362,3,0
조개봉,309,4,0
조계산,887,4,0
조고봉,1189,3,0
조공산,396,4,0
조군산,474,3,0
조근대비악,549,5,0
조두산,957,3,0
조래봉,628,3,0
조령산,1025,5,0
조로봉,188,3,0
조록바위봉,1092,4,0
조리봉,282,3,0
조림산,638,4,0
조봉,1182,7,0
조봉산,657,3,0
조비산,254,4,0
조산봉,813,3,0
조양산,632,3,0
조운산,602,3,0
조조봉,307,3,0
조중봉,307,3,0
조피산,384,4,0
조항산,954,4,0
조화봉,1001,3,0
존제산,704,7,0
종괘산,335,3,0
종남산,617,3,0
종로봉,787,4,0
종석산,532,5,0
종자봉,463,4,0
종자산,877,4,0
종지봉,618,3,0
종현산,588,5,0
좌구산,657,5,0
좌랑봉,311,3,0
좌방산,502,4,0
주걱봉,1350,5,0
주금산,813,5,0
주렴산,106,8,0
주마산,497,3,0
주발봉,489,4,0
주봉,827,3,0
주봉산,712,3,0
주산,680,3,0
주산달미산,271,4,0
주안산,114,3,0
주암산,816,4,0
주억봉,1444,5,0
주월산,554,5,0
주작산,426,5,0
주지봉,981,4,0
주행봉,866,4,0
죽림산,638,3,0
죽미산,868,4,0
죽바위산,414,3,0
죽변산,680,8,0
죽염산,1059,4,0
죽엽산,830,5,0
죽제산,424,4,0
준주봉,334,3,0
줄바위산,235,4,0
중구봉,144,3,0
중군봉,243,3,0
중근봉,197,3,0
중대갈봉,1014,3,0
중대봉,814,3,0
중동산,464,3,0
중매산,559,3,0
중미산,834,4,0
중봉,1448,4,0
중봉산,1259,3,0
중산,834,3,0
중수골산,622,3,0
중왕산,1376,4,0
중원산,800,5,0
중청봉,1648,5,0
중태산,679,4,0
증봉,320,3,0
지각산,902,3,0
지기산,321,3,0
지등산,535,5,0
지래봉,589,3,0
지력산,314,6,0
지룡산,635,3,0
지리산,1915,9,0
지봉,1277,3,0
지봉산,464,4,0
지붕산,440,4,0
지산,380,3,0
지소산,442,3,0
지억산,1117,4,0
지장봉,877,4,0
지장산,932,3,0
지초봉,537,3,0
지파산,659,4,0
지향산,120,3,0
진강산,287,8,0
진늪산,497,4,0
진당산,351,4,0
진밭산,721,4,0
진산,451,4,0
진악산,732,4,0
진오산,908,3,0
진전산,823,3,0
질매봉,228,3,0
질미봉,190,4,0
질운산,1172,3,0
쫓비산,505,4,0
차일봉,365,3,0
창안산,530,7,0
채알봉,120,3,0
채일봉,266,3,0
챌봉,516,7,0
처마봉,370,5,0
척령산,395,3,0
천개산,506,6,0
천견산,393,5,0
천계봉,553,3,0
천관산,723,7,0
천금산,465,5,0
천대산,549,4,0
천덕봉,998,3,0
천덕산,615,5,0
천두산,968,4,0
천등산,807,4,0
천령봉,556,5,0
천마봉,999,4,0
천마산,810,5,0
천만산,960,5,0
천반산,647,7,0
천방산,478,5,0
천보산,335,5,0
천봉산,609,5,0
천불산,585,5,0
천성산,812,3,0
천세봉,130,3,0
천송지봉,220,3,0
천앙봉,492,4,0
천왕봉,558,5,0
천왕산,618,4,0
천우산,1104,4,0
천운산,602,5,0
천자봉,502,10,0
천장산,695,4,0
천제봉,359,4,0
천주봉,339,5,0
천주산,465,3,0
천지봉,484,5,0
천축산,653,4,0
천탁산,683,9,0
천태산,715,7,0
천호봉,326,3,0
천호산,500,5,0
천황봉,849,5,0
천황산,1189,5,0
철갑령산,993,9,0
철마봉,337,3,0
철마산,711,3,0
철미산,634,4,0
철봉산,521,4,0
철산,462,4,0
첨봉,321,4,0
첨산,272,3,0
첨찰산,485,8,0
청경산,458,5,0
청계산,849,5,0
청대산,789,4,0
청량산,483,5,0
청룡산,768,3,0
청벽산,451,5,0
청산,295,3,0
청옥산,1404,4,0
청우산,619,5,0
청태산,1192,4,0
청학산,678,4,0
체게산,438,3,0
초래봉,249,3,0
초례봉,611,9,0
초로봉,576,4,0
초롱산,340,4,0
초봉,608,4,0
초산봉,221,3,0
초암산,576,5,0
촉대봉,1125,7,0
촉새봉,395,4,0
촛대봉,522,5,0
최일봉,272,3,0
최정산,912,7,0
추령봉,534,3,0
추산,517,4,0
추산봉,245,3,0
추암산,321,4,0
추월산,729,10,0
추읍산,583,7,0
축령산,879,12,0
축륭봉,455,11,0
춤터산,418,4,0
충신봉,135,3,0
충혼석산,208,5,0
취병산,335,4,0
측량기봉,644,5,0
치개봉,666,5,0
치마산,568,5,0
치바위산,781,4,0
치악산,1288,12,0
치키봉,734,3,0
칠갑산,561,5,0
칠백사십봉,716,3,0
칠백칠십사봉,752,6,0
칠보산,974,4,0
칠봉,1161,4,0
칠봉산,506,5,0
칠사산,351,5,0
칠성봉,1053,3,0
칠성산,942,4,0
칠암산,413,4,0
칠읍산,199,5,0
칠장산,491,5,0
칠절봉,1172,7,0
칠현산,516,7,0
칠형제봉,978,3,0
침곡산,725,5,0
침석봉,1310,3,0
칼산,941,5,0
큰감투봉,1296,3,0
큰골산,615,3,0
큰등산,358,4,0
큰명산,378,3,0
큰물산,284,3,0
큰봉,559,3,0
큰음달산,351,5,0
큰적상봉,220,3,0
타관산,608,3,0
탄갓봉,593,4,0
탑봉,125,3,0
탑산,303,5,0
탕근봉,295,5,0
태기산,1261,7,0
태백산,1561,8,0
태백이산,228,3,0
태복산,176,3,0
태봉,340,4,0
태봉산,576,5,0
태실봉,432,3,0
태악산,526,5,0
태주봉,371,3,0
태청봉,107,3,0
태청산,593,7,0
태학산,455,5,0
태화산,1027,7,0
토곡산,648,4,0
토끼봉,366,5,0
토보산,600,5,0
토성봉,424,4,0
토함산,745,5,0
통고산,1066,5,0
통박산,281,3,0
통방산,649,3,0
퇴모산,341,8,0
퇴뫼산,364,5,0
투구봉,914,5,0
투봉,303,3,0
틀모산,116,3,0
파계봉,966,3,0
파장봉,110,3,0
파평산,496,5,0
판사등산,309,3,0
팔각산,634,5,0
팔공산,1192,14,0
팔봉,928,4,0
팔봉산,418,4,0
팔성산,378,5,0
팔암산,363,3,0
팔영산,609,9,0
팔음산,762,5,0
팔일봉,445,3,0
팔탄산,654,3,0
편전산,377,3,0
평지산,468,4,0
평풍산,288,3,0
폐지푯대봉,354,3,0
포대산,309,3,0
포도산,722,4,0
포복산,418,4,0
표대산,580,4,0
표때봉,864,4,0
풀묵산,314,5,0
풍류산,464,5,0
풍악산,590,3,0
풍취산,697,4,0
피난봉,394,5,0
피래산,754,4,0
필경봉,379,3,0
필봉,143,3,0
필봉산,564,3,0
하늘봉,389,5,0
하동산,575,3,0
하마산,323,3,0
하봉,1380,3,0
하은적산,278,3,0
학가산,796,3,0
학강산,564,4,0
학남산,551,3,0
학동산,459,3,0
학무산,684,4,0
학봉,742,3,0
학산,421,3,0
학슬봉,445,3,0
학운산,101,3,0
한강봉,475,5,0
한봉,418,3,0
한사래산,384,3,0
한석산,1119,5,0
한오봉,579,3,0
한질윗산,283,3,0
한천산,326,5,0
한치봉,242,3,0
함각산,314,3,0
함박봉,406,4,0
함박산,440,3,0
함백산,1573,10,0
함봉산,306,3,0
함지봉,386,3,0
함창봉,154,4,0
합미봉,1026,3,0
항건산,398,5,0
해룡산,661,4,0
해망산,334,3,0
해명산,309,5,0
해산,1141,3,0
해산봉,101,3,0
해태산,360,5,0
해협산,528,5,0
행덕산,448,5,0
행산,809,3,0
향로봉,1293,3,0
향로산,314,3,0
향적산,574,5,0
현계산,534,4,0
현금산,308,7,0
현달산,118,5,0
현등산,852,4,0
현산,297,3,0
현종산,417,9,0
혈구산,418,5,0
혈암산,495,3,0
형제봉,1177,7,0
형제산,405,3,0
호랑산,451,3,0
호령봉,1566,5,0
호명산,614,3,0
호사산,506,3,0
호암산,611,3,0
호음산,930,4,0
호장봉,334,3,0
호접산,320,3,0
호초당산,893,5,0
홍동산,310,3,0
홍두깨산,603,3,0
홍산,361,3,0
화개산,605,3,0
화남리산,303,3,0
화란봉,1069,3,0
화류봉,308,3,0
화림산,307,3,0
화방산,373,3,0
화봉실산,402,3,0
화부산,625,3,0
화산,828,3,0
화산봉,349,3,0
화성산,481,4,0
화실봉,376,4,0
화악산,1468,12,0
화야산,754,3,0
화왕산,756,3,0
화장산,285,3,0
화채봉,1328,5,0
화학산,600,4,0
환성산,767,5,0
활석광산,260,5,0
활성산,486,7,0
황계산,553,3,0
황령산,391,5,0
황매산,1108,4,0
황병산,1407,4,0
황산,669,3,0
황새봉,368,4,0
황색골산,352,4,0
황석산,1190,4,0
황악산,1111,6,0
황용산,118,3,0
황적봉,610,5,0
황지농산,135,3,0
황철봉,1384,7,0
황추산,488,5,0
황태봉,141,3,0
황학산,902,3,0
회령봉,1331,9,0
회문산,775,5,0
회봉산,764,3,0
회치미산,582,4,0
횡병산,879,5,0
후덕산,629,4,0
후봉,571,3,0
흑냥봉,297,3,0
흑석산,650,5,0
흥림산,767,5,0
흥정산,1277,8,0
희리산,329,6,0
희양산,998,3,0
흰대미산,1018,4,0
흰병산,990,4,0
